sku,warehouse_id,lp,no_of_units,max_units,min_units,quantity
UNICORN-UNILEVER-0601-2063,2379,3.24,7889,11833,3944,11833.0
UNICORN-UNILEVER-280124-2560,2379,4.06,35482,53223,17741,17741.0
UNICORN-UNILEVER-080124-6407,2379,1.65,4418,6627,2209,6627.0
UNICORN-UNILEVER-080124-6406,2379,91.22,204,306,102,102.0
UNICORN-UNILEVER-080124-6404,2379,41.85,4652,6978,2326,2326.0
UNICORN-UNILEVER-271123-2700,2379,124.95,96,144,48,48.0
UNICORN-UNILEVER-300723-0001,2379,3.25,3619,5428,1809,1809.0
UNICORN-UNILEVER-130723-1437,2379,15.8254,7,10,3,3.0
UNICORN-UNILEVER-130723-1442,2379,106.2885,1,1,1,1.0
UNICORN-UNILEVER-130723-1402,2379,40.9356,7,10,3,3.0
UNICORN-UNILEVER-080124-6402,2379,3.24,3434,5151,1717,5151.0
UNICORN-UNILEVER-180124-3882,2379,76.16,373,559,186,186.0
UNICORN-UNILEVER-0601-2059,2379,3.29,1449,2173,724,724.0
UNICORN-UNILEVER-0601-2057,2379,161.9,134,201,67,67.0
UNICORN-UNILEVER-0601-2058,2379,161.9,88,132,44,44.0
UNICORN-UNILEVER-300723-0005,2379,165.1,21,31,10,10.0
UNICORN-UNILEVER-0601-2054,2379,118.49,116,174,58,58.0
UNICORN-UNILEVER-060124-8891,2379,83.85,261,391,130,130.0
UNICORN-UNILEVER-060224-4725,2379,16.39,1740,2610,870,870.0
UNICORN-UNILEVER-170124-7267,2379,78.49,7137,10705,3568,3568.0
UNICORN-UNILEVER-140124-1992,2379,131.28,5078,7617,2539,2539.0
UNICORN-UNILEVER-080124-6398,2379,72.74,512,768,256,256.0
UNICORN-UNILEVER-130723-1242,2379,8.79,955,1432,477,477.0
UNICORN-UNILEVER-130723-1240,2379,13.06,518,777,259,259.0
UNICORN-UNILEVER-130723-1554,2379,8.47,1389,2083,694,694.0
UNICORN-UNILEVER-130723-1475,2379,52.27,1667,2500,833,833.0
UNICORN-UNILEVER-060124-8901,2379,52.08,278,417,139,417.0
UNICORN-UNILEVER-0601-2047,2379,43.43,6970,10455,3485,3485.0
UNICORN-UNILEVER-0601-2043,2379,52.08,1267,1900,633,1900.0
UNICORN-UNILEVER-130723-1342,2379,41.88,1188,1782,594,1782.0
UNICORN-UNILEVER-0601-2048,2379,76.39,655,982,327,327.0
UNICORN-UNILEVER-0601-2049,2379,43.43,1879,2818,939,939.0
UNICORN-UNILEVER-060124-0005,2379,8.44,4189,6283,2094,6283.0
UNICORN-UNILEVER-060124-8895,2379,76.39,68,102,34,34.0
UNICORN-UNILEVER-130723-1809,2379,62.32,17,25,8,8.0
UNICORN-UNILEVER-011123-7710,2379,62.32,34,51,17,17.0
UNICORN-UNILEVER-141123-1008,2379,45.85,235,352,117,352.0
UNICORN-UNILEVER-141123-1009,2379,45.85,3235,4852,1617,4852.0
UNICORN-UNILEVER-060124-0007,2379,59.79,2449,3673,1224,1224.0
UNICORN-UNILEVER-100124-1224,2379,59.79,4353,6529,2176,2176.0
UNICORN-UNILEVER-080124-6392,2379,47.68,5085,7627,2542,2542.0
UNICORN-UNILEVER-0601-2034,2379,12.55,2342,3513,1171,3513.0
UNICORN-UNILEVER-0601-2039,2379,39.09,640,960,320,320.0
UNICORN-UNILEVER-0601-2038,2379,39.09,302,453,151,151.0
UNICORN-UNILEVER-130723-1315,2379,40.69,760,1140,380,1140.0
UNICORN-UNILEVER-110124-2223,2379,41.51,7012,10518,3506,3506.0
UNICORN-UNILEVER-260823-0003,2379,74.65,235,352,117,117.0
UNICORN-UNILEVER-150124-3865,2379,132.83,435,652,217,217.0
UNICORN-UNILEVER-080124-6391,2379,24.82,8826,13239,4413,13239.0
UNICORN-UNILEVER-130723-1311,2379,106.76,22,33,11,11.0
UNICORN-UNILEVER-0601-2031,2379,103.55,205,307,102,307.0
UNICORN-UNILEVER-130723-1669,2379,127.64,156,234,78,78.0
UNICORN-UNILEVER-080124-0016,2379,85.82,1071,1606,535,535.0
UNICORN-UNILEVER-080124-6390,2379,288.43,76,114,38,38.0
UNICORN-UNILEVER-060124-9448,2379,95.67,1,1,1,1.0
UNICORN-UNILEVER-0601-2024,2379,34.54,2028,3042,1014,3042.0
UNICORN-UNILEVER-0601-2023,2379,78.99,2811,4216,1405,4216.0
UNICORN-UNILEVER-0601-2022,2379,151.58,27,40,13,40.0
UNICORN-UNILEVER-110124-2222,2379,2.52,18204,27306,9102,27306.0
UNICORN-UNILEVER-0601-2016,2379,2.44,30870,46305,15435,15435.0
UNICORN-UNILEVER-0601-2019,2379,1.65,34716,52074,17358,52074.0
UNICORN-UNILEVER-060124-8894,2379,66.66,216,324,108,108.0
UNICORN-UNILEVER-0601-2020,2379,149.55,354,531,177,177.0
UNICORN-UNILEVER-0601-2018,2379,149.55,127,190,63,63.0
UNICORN-UNILEVER-0601-2017,2379,1.65,2089,3133,1044,3133.0
UNICORN-UNILEVER-0601-2015,2379,4.24,34963,52444,17481,52444.0
UNICORN-UNILEVER-0601-2009,2379,117.12,4,6,2,2.0
UNICORN-UNILEVER-0601-2008,2379,8.51,3088,4632,1544,4632.0
UNICORN-UNILEVER-150124-9328,2379,34.0,267,400,133,133.0
UNICORN-UNILEVER-0601-2007,2379,12.77,649,973,324,324.0
UNICORN-UNILEVER-0601-2002,2379,63.37,686,1029,343,1029.0
UNICORN-UNILEVER-0601-2005,2379,26.03,1632,2448,816,816.0
UNICORN-UNILEVER-091123-4406,2379,118.33,117,175,58,175.0
UNICORN-UNILEVER-060124-0015,2379,25.96,903,1354,451,1354.0
UNICORN-UNILEVER-091023-1021,2379,21.04,271,406,135,406.0
UNICORN-UNILEVER-0601-2002,144,63.369667,11431,17146,5715,17146.0
UNICORN-UNILEVER-130124-0011,144,78.993,303,454,151,454.0
UNICORN-UNILEVER-0601-2015,144,4.239097,10689,16033,5344,16033.0
UNICORN-UNILEVER-0601-2014,144,8.478185,20744,31116,10372,31116.0
UNICORN-UNILEVER-0601-2016,144,2.439762,267934,401901,133967,133967.0
UNICORN-UNILEVER-150124-9329,144,1.6548,308215,462322,154107,462322.0
UNICORN-UNILEVER-281123-1003,144,41.9935,216,324,108,108.0
UNICORN-UNILEVER-080124-6389,144,165.4933,463,694,231,231.0
UNICORN-UNILEVER-0601-2034,144,12.552917,780,1170,390,390.0
UNICORN-UNILEVER-080124-1887,144,226.96,49,73,24,24.0
UNICORN-UNILEVER-0601-2005,144,26.03,20045,30067,10022,10022.0
UNICORN-UNILEVER-080124-0016,144,85.82,1710,2565,855,855.0
UNICORN-UNILEVER-0601-2029,144,142.2,342,513,171,171.0
UNICORN-UNILEVER-0601-2047,144,43.43,9634,14451,4817,4817.0
UNICORN-UNILEVER-0601-2046,144,43.43,10557,15835,5278,5278.0
UNICORN-UNILEVER-0601-2049,144,43.43,6498,9747,3249,3249.0
UNICORN-UNILEVER-141123-1008,144,45.85,2993,4489,1496,4489.0
UNICORN-UNILEVER-0601-2036,144,47.68,294,441,147,147.0
UNICORN-UNILEVER-080124-6392,144,47.68,8983,13474,4491,4491.0
UNICORN-UNILEVER-140124-1992,144,131.28,4098,6147,2049,2049.0
UNICORN-UNILEVER-130723-1669,144,127.6414,252,378,126,126.0
UNICORN-UNILEVER-0601-2042,144,8.44,2670,4005,1335,4005.0
UNICORN-UNILEVER-0601-2043,144,52.08,2783,4174,1391,4174.0
UNICORN-UNILEVER-141123-1009,144,45.85,1311,1966,655,1966.0
UNICORN-UNILEVER-130723-1731,144,13.0596,363,544,181,181.0
UNICORN-UNILEVER-080124-1889,144,331.93,66,99,33,33.0
UNICORN-UNILEVER-180124-3882,144,76.16,1109,1663,554,554.0
UNICORN-UNILEVER-050723-9922,144,35.79,2233,3349,1116,1116.0
UNICORN-UNILEVER-130124-0015,144,371.19,765,1147,382,382.0
UNICORN-UNILEVER-130723-1385,144,33.2226,9,13,4,13.0
UNICORN-UNILEVER-150124-3330,144,583.15,26,39,13,13.0
UNICORN-UNILEVER-080124-6406,144,91.22,2828,4242,1414,1414.0
UNICORN-UNILEVER-0601-2013,144,114.58,1396,2094,698,2094.0
UNICORN-UNILEVER-0601-2061,144,121.46,55,82,27,27.0
UNICORN-UNILEVER-050723-9923,144,35.79,687,1030,343,343.0
UNICORN-UNILEVER-011123-7710,144,62.32,945,1417,472,472.0
UNICORN-UNILEVER-130723-1418,144,87.63,82,123,41,41.0
UNICORN-UNILEVER-080124-6390,144,288.43,672,1008,336,336.0
UNICORN-UNILEVER-060124-0005,144,8.44,2013,3019,1006,3019.0
UNICORN-UNILEVER-140124-1993,144,12.55,10974,16461,5487,16461.0
UNICORN-UNILEVER-060124-0007,144,59.79,4414,6621,2207,2207.0
UNICORN-UNILEVER-130723-1293,144,38.4349,4,6,2,2.0
UNICORN-UNILEVER-130723-1254,144,40.9422,3,4,1,0.0
UNICORN-UNILEVER-130723-1573,144,41.8354,20,30,10,10.0
UNICORN-UNILEVER-130723-1752,144,142.7083,2,3,1,1.0
UNICORN-UNILEVER-130723-1275,144,123.0863,2,3,1,1.0
UNICORN-UNILEVER-130723-1402,144,40.9356,10,15,5,5.0
UNICORN-UNILEVER-130723-1395,144,62.1599,9,13,4,4.0
UNICORN-UNILEVER-031223-0202,144,162.47,77,115,38,38.0
UNICORN-UNILEVER-0601-2020,144,149.55,370,555,185,185.0
UNICORN-UNILEVER-150124-3865,144,132.83,2330,3495,1165,1165.0
UNICORN-UNILEVER-091223-0031,144,62.32,257,385,128,128.0
UNICORN-UNILEVER-080124-6407,144,1.65,1008,1512,504,1512.0
UNICORN-UNILEVER-080124-6391,144,24.82,3748,5622,1874,5622.0
UNICORN-UNILEVER-250124-4427,144,87.31,258,387,129,387.0
UNICORN-UNILEVER-080124-0013,144,98.11,6,9,3,3.0
UNICORN-UNILEVER-130124-5270,144,406.54,613,919,306,306.0
UNICORN-UNILEVER-080124-0009,144,3.24,4045,6067,2022,6067.0
UNICORN-UNILEVER-080124-6403,144,4.04,30359,45538,15179,15179.0
UNICORN-UNILEVER-170124-7267,144,78.49,8737,13105,4368,4368.0
UNICORN-UNILEVER-0601-2006,144,34.0,3207,4810,1603,1603.0
UNICORN-UNILEVER-130723-1315,144,40.69,3084,4626,1542,4626.0
UNICORN-UNILEVER-091223-0034,144,203.4275,2,3,1,1.0
UNICORN-UNILEVER-130723-1683,144,329.7796,5,7,2,2.0
UNICORN-UNILEVER-130723-1675,144,196.9188,11,16,5,5.0
UNICORN-UNILEVER-130723-1449,144,365.3675,16,24,8,8.0
UNICORN-UNILEVER-300723-0004,144,381.5004,12,18,6,6.0
UNICORN-UNILEVER-130723-1408,144,203.0875,6,9,3,3.0
UNICORN-UNILEVER-130723-1354,144,203.0875,2,3,1,1.0
UNICORN-UNILEVER-130723-1690,144,381.5004,6,9,3,3.0
UNICORN-UNILEVER-130723-1585,144,190.5129,11,16,5,5.0
UNICORN-UNILEVER-130723-1707,144,381.5004,13,19,6,6.0
UNICORN-UNILEVER-130723-1446,144,138.634,3,4,1,1.0
UNICORN-UNILEVER-130723-1440,144,78.7675,2,3,1,1.0
UNICORN-UNILEVER-180923-1225,144,140.5858,31,46,15,15.0
UNICORN-UNILEVER-130723-1249,144,86.986,73,109,36,36.0
UNICORN-UNILEVER-130723-1245,144,30.7573,310,465,155,155.0
UNICORN-UNILEVER-130723-1633,144,8.7878,784,1176,392,392.0
UNICORN-UNILEVER-130723-1238,144,368.0721,14,21,7,7.0
UNICORN-UNILEVER-130723-1241,144,407.9871,24,36,12,12.0
UNICORN-UNILEVER-130723-1695,144,487.8083,32,48,16,16.0
UNICORN-UNILEVER-130723-1246,144,518.85,39,58,19,19.0
UNICORN-UNILEVER-130723-1240,144,13.0596,504,756,252,252.0
UNICORN-UNILEVER-130723-1237,144,691.7975,25,37,12,12.0
UNICORN-UNILEVER-110124-0022,144,406.54,384,576,192,192.0
UNICORN-UNILEVER-091123-4406,144,118.33,1033,1549,516,1549.0
UNICORN-UNILEVER-0601-2008,144,8.51,6959,10438,3479,10438.0
UNICORN-UNILEVER-100124-1224,144,59.79,4887,7330,2443,2443.0
UNICORN-UNILEVER-060124-8891,144,83.85,492,738,246,246.0
UNICORN-UNILEVER-100224-7249,144,132.39,129,193,64,64.0
UNICORN-UNILEVER-240723-0009,144,154.0173,93,139,46,139.0
UNICORN-UNILEVER-130723-1384,144,77.6443,168,252,84,252.0
UNICORN-UNILEVER-180124-3879,144,443.7417,1,1,1,1.0
UNICORN-UNILEVER-130723-1699,144,333.1013,9,13,4,4.0
UNICORN-UNILEVER-130723-1708,144,345.6754,4,6,2,2.0
UNICORN-UNILEVER-130723-1681,144,8.4302,352,528,176,528.0
UNICORN-UNILEVER-111023-1244,144,114.9867,1,1,1,1.0
UNICORN-UNILEVER-130723-1301,144,259.0788,26,39,13,13.0
UNICORN-UNILEVER-130723-1280,144,12.3168,372,558,186,186.0
UNICORN-UNILEVER-130723-1653,144,72.2035,68,102,34,34.0
UNICORN-UNILEVER-130723-1556,144,45.6315,12,18,6,6.0
UNICORN-UNILEVER-130723-1588,144,62.9437,132,198,66,198.0
UNICORN-UNILEVER-280124-2562,144,380.14,105,157,52,52.0
UNICORN-UNILEVER-080124-6404,144,41.85,10638,15957,5319,5319.0
UNICORN-UNILEVER-0601-2063,144,3.24,35729,53593,17864,53593.0
UNICORN-UNILEVER-261223-9379,144,66.52,288,432,144,432.0
UNICORN-UNILEVER-130124-5271,144,689.36,297,445,148,148.0
UNICORN-UNILEVER-130723-1242,144,8.79,4243,6364,2121,2121.0
UNICORN-UNILEVER-0601-2009,144,117.12,1607,2410,803,803.0
UNICORN-UNILEVER-0601-2064,144,3.24,14406,21609,7203,21609.0
UNICORN-UNILEVER-130124-5269,144,13.01,4293,6439,2146,2146.0
UNICORN-UNILEVER-150124-2748,144,86.685,196,294,98,98.0
UNICORN-UNILEVER-271123-2700,144,124.95,662,993,331,331.0
UNICORN-UNILEVER-0601-2039,144,39.09,1200,1800,600,600.0
UNICORN-UNILEVER-130124-0017,144,517.02,194,291,97,97.0
UNICORN-UNILEVER-130124-0010,144,63.37,48,72,24,72.0
UNICORN-UNILEVER-070823-1203,144,3.16,35242,52863,17621,52863.0
UNICORN-UNILEVER-010124-7250,144,124.52,2386,3579,1193,1193.0
UNICORN-UNILEVER-130723-1716,144,458.37,14,21,7,7.0
UNICORN-UNILEVER-0601-2018,144,149.55,317,475,158,158.0
UNICORN-UNILEVER-080224-1025,144,157.73,2729,4093,1364,4093.0
UNICORN-UNILEVER-060124-8892,144,126.09,85,127,42,42.0
UNICORN-UNILEVER-210823-1982,144,51.33,693,1039,346,1039.0
UNICORN-UNILEVER-280124-2563,144,380.14,56,84,28,28.0
UNICORN-UNILEVER-110124-2222,144,2.52,50730,76095,25365,76095.0
UNICORN-UNILEVER-0601-2024,144,34.54,5956,8934,2978,8934.0
UNICORN-UNILEVER-0601-2054,144,118.49,243,364,121,121.0
UNICORN-UNILEVER-080124-6401,144,164.52,143,214,71,71.0
UNICORN-UNILEVER-0601-2038,144,39.09,1170,1755,585,585.0
UNICORN-UNILEVER-060124-8894,144,66.66,139,208,69,69.0
UNICORN-UNILEVER-100224-7250,144,255.32,38,57,19,19.0
UNICORN-UNILEVER-130723-1811,144,142.43,55,82,27,27.0
UNICORN-UNILEVER-171223-1221,144,62.32,473,709,236,236.0
UNICORN-UNILEVER-130723-1528,144,56.83,1908,2862,954,2862.0
UNICORN-UNILEVER-130124-0007,144,328.52,41,61,20,20.0
UNICORN-UNILEVER-0601-2030,144,74.38,459,688,229,688.0
UNICORN-UNILEVER-080224-1022,144,52.0832,1792,2688,896,896.0
UNICORN-UNILEVER-0601-2052,144,80.65,357,535,178,178.0
UNICORN-UNILEVER-110124-2225,144,164.52,419,628,209,209.0
UNICORN-UNILEVER-280723-2001,144,98.45,34,51,17,17.0
UNICORN-UNILEVER-0601-2057,144,161.9,202,303,101,101.0
UNICORN-UNILEVER-0601-2028,144,155.98,244,366,122,122.0
UNICORN-UNILEVER-0601-2035,144,55.52,60,90,30,30.0
UNICORN-UNILEVER-060124-8890,144,149.34,255,382,127,127.0
UNICORN-UNILEVER-220124-6504,144,132.72,1176,1764,588,588.0
UNICORN-UNILEVER-110124-0021,144,198.85,321,481,160,160.0
UNICORN-UNILEVER-180124-3880,144,443.74,12,18,6,6.0
UNICORN-UNILEVER-080124-3335,144,87.31,278,417,139,417.0
UNICORN-UNILEVER-110124-2223,144,41.51,2178,3267,1089,1089.0
UNICORN-UNILEVER-080124-6398,144,72.74,290,435,145,145.0
UNICORN-UNILEVER-130723-1635,144,395.14,3,4,1,1.0
UNICORN-UNILEVER-060124-0001,144,380.14,19,28,9,9.0
UNICORN-UNILEVER-110124-2224,144,4.24,57381,86071,28690,86071.0
UNICORN-UNILEVER-0601-2023,144,78.99,34052,51078,17026,51078.0
UNICORN-UNILEVER-010124-1783,144,66.52,6285,9427,3142,9427.0
UNICORN-UNILEVER-121223-6403,144,68.17,64,96,32,96.0
UNICORN-UNILEVER-060124-8909,144,16.68,1774,2661,887,2661.0
UNICORN-UNILEVER-280124-0020,144,344.47,139,208,69,69.0
UNICORN-UNILEVER-280124-0021,144,148.36,51,76,25,25.0
UNICORN-UNILEVER-080124-3341,144,105.91,183,274,91,274.0
UNICORN-UNILEVER-0601-2059,144,3.29,4284,6426,2142,2142.0
UNICORN-UNILEVER-300124-3659,144,151.58,5589,8383,2794,8383.0
UNICORN-UNILEVER-060124-9448,144,95.67,131,196,65,65.0
UNICORN-UNILEVER-070823-0005,144,228.64,2,3,1,3.0
UNICORN-UNILEVER-211023-0026,144,106.76,15,22,7,7.0
UNICORN-UNILEVER-130723-1624,144,42.71,114,171,57,57.0
UNICORN-UNILEVER-060124-0015,144,25.96,6024,9036,3012,9036.0
UNICORN-UNILEVER-150124-9332,144,530.27,41,61,20,20.0
UNICORN-UNILEVER-060124-8899,144,380.14,13,19,6,6.0
UNICORN-UNILEVER-130723-1504,144,304.87,15,22,7,7.0
UNICORN-UNILEVER-121223-6402,144,75.36,44,66,22,66.0
UNICORN-UNILEVER-091223-5933,144,130.3,33,49,16,16.0
UNICORN-UNILEVER-070823-0006,144,1.57,3374,5061,1687,5061.0
UNICORN-UNILEVER-0601-2040,144,55.52,69,103,34,34.0
UNICORN-UNILEVER-060124-0003,144,118.68,180,270,90,90.0
UNICORN-UNILEVER-130124-0016,144,366.77,72,108,36,36.0
UNICORN-UNILEVER-130723-1800,144,81.14,12,18,6,6.0
UNICORN-UNILEVER-0601-2048,144,76.39,157,235,78,78.0
UNICORN-UNILEVER-060124-8897,144,126.39,136,204,68,68.0
UNICORN-UNILEVER-080124-0012,144,217.97,115,172,57,57.0
UNICORN-UNILEVER-141223-0020,144,130.3,49,73,24,24.0
UNICORN-UNILEVER-300124-4725,144,108.75,2156,3234,1078,1078.0
UNICORN-UNILEVER-251123-1009,144,225.71,127,190,63,190.0
UNICORN-UNILEVER-060124-8895,144,76.39,195,292,97,97.0
UNICORN-UNILEVER-110124-2224,156,4.24,85536,128304,42768,128304.0
UNICORN-UNILEVER-100124-1224,156,59.79,6142,9213,3071,3071.0
UNICORN-UNILEVER-261223-9379,156,66.52,408,612,204,612.0
UNICORN-UNILEVER-060124-9448,156,95.67,239,358,119,119.0
UNICORN-UNILEVER-080124-3341,156,105.91,333,499,166,499.0
UNICORN-UNILEVER-270923-1022,156,49.63,34,51,17,17.0
UNICORN-UNILEVER-150124-9329,156,1.65,493459,740188,246729,246729.0
UNICORN-UNILEVER-060124-0015,156,25.96,14337,21505,7168,21505.0
UNICORN-UNILEVER-060124-0005,156,8.44,3354,5031,1677,5031.0
UNICORN-UNILEVER-080124-6400,156,127.9,462,693,231,231.0
UNICORN-UNILEVER-0601-2039,156,39.09,2255,3382,1127,1127.0
UNICORN-UNILEVE-270124-5937,156,62.1,371,556,185,185.0
UNICORN-UNILEVER-100224-2640,156,212.77,2105,3157,1052,1052.0
UNICORN-UNILEVER-080124-6392,156,47.68,5495,8242,2747,2747.0
UNICORN-UNILEVER-120823-0001,156,3.17,7499,11248,3749,11248.0
UNICORN-UNILEVER-0601-2029,156,142.2,743,1114,371,371.0
UNICORN-UNILEVER-180124-3882,156,76.16,1307,1960,653,653.0
UNICORN-UNILEVER-0601-2038,156,39.09,1823,2734,911,911.0
UNICORN-UNILEVER-100224-0004,156,151.31,3762,5643,1881,1881.0
UNICORN-UNILEVER-211023-1226,156,677.36,166,249,83,249.0
UNICORN-UNILEVER-140124-1993,156,12.55,10046,15069,5023,15069.0
UNICORN-UNILEVER-080124-0012,156,217.97,144,216,72,72.0
UNICORN-UNILEVER-080124-1889,156,331.93,61,91,30,30.0
UNICORN-UNILEVER-130723-1462,156,173.38,47,70,23,23.0
UNICORN-UNILEVER-280124-2560,156,4.06,164956,247434,82478,82478.0
UNICORN-UNILEVER-130124-0015,156,371.19,912,1368,456,456.0
UNICORN-UNILEVER-080124-6403,156,4.04,37646,56469,18823,18823.0
UNICORN-UNILEVER-031223-0202,156,162.47,25,37,12,12.0
UNICORN-UNILEVER-060124-8890,156,149.34,375,562,187,187.0
UNICORN-UNILEVER-130723-1674,156,1.66,40928,61392,20464,20464.0
UNICORN-UNILEVER-010124-7250,156,124.52,2304,3456,1152,1152.0
UNICORN-UNILEVER-040224-1022,156,62.11,1584,2376,792,792.0
UNICORN-UNILEVER-110124-2223,156,41.51,2189,3283,1094,1094.0
UNICORN-UNILEVER-011123-7710,156,62.32,895,1342,447,447.0
UNICORN-UNILEVER-060124-0011,156,267.72,552,828,276,828.0
UNICORN-UNILEVER-211023-1224,156,194.29,34,51,17,51.0
UNICORN-UNILEVER-140124-1992,156,131.28,6342,9513,3171,3171.0
UNICORN-UNILEVER-0601-2030,156,74.38,158,237,79,237.0
UNICORN-UNILEVER-060124-8894,156,66.66,534,801,267,267.0
UNICORN-UNILEVER-060124-8909,156,16.68,5382,8073,2691,8073.0
UNICORN-UNILEVER-0601-2054,156,118.49,221,331,110,110.0
UNICORN-UNILEVER-130723-1466,156,16.45,910,1365,455,455.0
UNICORN-UNILEVER-130124-5269,156,13.0076,23539,35308,11769,11769.0
UNICORN-UNILEVER-0601-2036,156,47.677222,2309,3463,1154,1154.0
UNICORN-UNILEVER-060124-8891,156,83.848889,746,1119,373,373.0
UNICORN-UNILEVER-130124-0017,156,517.0175,138,207,69,69.0
UNICORN-UNILEVER-130723-1475,156,52.2681,69,103,34,34.0
UNICORN-UNILEVER-130723-1597,156,38.4349,748,1122,374,374.0
UNICORN-UNILEVER-170124-7267,156,78.49,7832,11748,3916,3916.0
UNICORN-UNILEVER-0601-2008,156,8.51,6463,9694,3231,9694.0
UNICORN-UNILEVER-0601-2057,156,161.9,417,625,208,208.0
UNICORN-UNILEVER-040224-1021,156,62.11,48,72,24,24.0
UNICORN-UNILEVER-130723-1632,156,117.54,155,232,77,77.0
UNICORN-UNILEVER-250124-3696,156,226.96,33,49,16,16.0
UNICORN-UNILEVER-080124-6406,156,91.22,1415,2122,707,707.0
UNICORN-UNILEVER-0601-2007,156,12.77,26627,39940,13313,13313.0
UNICORN-UNILEVER-261223-7516,156,3.26,60311,90466,30155,30155.0
UNICORN-UNILEVER-080124-6398,156,72.74,839,1258,419,419.0
UNICORN-UNILEVER-080124-6405,156,124.52,320,480,160,160.0
UNICORN-UNILEVER-010124-7249,156,66.98,223,334,111,334.0
UNICORN-UNILEVER-150124-9328,156,34.0,10854,16281,5427,5427.0
UNICORN-UNILEVER-050723-9922,156,35.79,861,1291,430,430.0
UNICORN-UNILEVER-130124-5270,156,406.54,430,645,215,215.0
UNICORN-UNILEVER-130723-1258,156,24.49,1451,2176,725,2176.0
UNICORN-UNILEVER-010124-7248,156,59.1,101,151,50,151.0
UNICORN-UNILEVER-0601-2052,156,80.65,307,460,153,153.0
UNICORN-UNILEVER-080124-6404,156,41.85,13431,20146,6715,6715.0
UNICORN-UNILEVER-0601-2049,156,43.43,4677,7015,2338,2338.0
UNICORN-UNILEVER-110124-2222,156,2.52,74363,111544,37181,111544.0
UNICORN-UNILEVER-110124-0021,156,198.85,504,756,252,252.0
UNICORN-UNILEVER-060124-8900,156,74.74,131,196,65,65.0
UNICORN-UNILEVER-060124-8901,156,52.08,82,123,41,123.0
UNICORN-UNILEVER-0601-2032,156,41.37,4277,6415,2138,2138.0
UNICORN-UNILEVER-0601-2046,156,43.43,10387,15580,5193,5193.0
UNICORN-UNILEVER-130124-0014,156,206.16,199,298,99,99.0
UNICORN-UNILEVER-0601-2053,156,138.15,220,330,110,110.0
UNICORN-UNILEVER-250723-1130,156,87.63,208,312,104,104.0
UNICORN-UNILEVER-080124-6396,156,62.1,228,342,114,114.0
UNICORN-UNILEVER-150124-3865,156,132.83,3216,4824,1608,1608.0
UNICORN-UNILEVER-080124-6402,156,3.24,23674,35511,11837,35511.0
UNICORN-UNILEVER-200124-3075,156,8.76,11581,17371,5790,5790.0
UNICORN-UNILEVER-130723-1684,156,21.77,490,735,245,245.0
UNICORN-UNILEVER-0601-2048,156,76.39,649,973,324,324.0
UNICORN-UNILEVER-150124-3330,156,583.15,33,49,16,16.0
UNICORN-UNILEVER-060124-0007,156,59.79,4686,7029,2343,2343.0
UNICORN-UNILEVER-0601-2042,156,8.44,17465,26197,8732,26197.0
UNICORN-UNILEVER-080124-0015,156,42.39,732,1098,366,1098.0
UNICORN-UNILEVER-0601-2043,156,52.08,1708,2562,854,2562.0
UNICORN-UNILEVER-070823-0008,156,198.54,20,30,10,30.0
UNICORN-UNILEVER-150124-3331,156,542.46,22,33,11,11.0
UNICORN-UNILEVER-270923-1020,156,1141.51,142,213,71,213.0
UNICORN-UNILEVER-0601-2018,156,149.55,444,666,222,222.0
UNICORN-UNILEVER-040224-1020,156,62.11,72,108,36,36.0
UNICORN-UNILEVER-200124-3076,156,583.15,26,39,13,13.0
UNICORN-UNILEVER-130723-1762,156,36.22,182,273,91,91.0
UNICORN-UNILEVER-060124-0013,156,34.04,662,993,331,993.0
UNICORN-UNILEVER-251123-1009,156,225.71,784,1176,392,1176.0
UNICORN-UNILEVER-080224-1021,156,8.44,17424,26136,8712,26136.0
UNICORN-UNILEVER-130124-5271,156,689.36,306,459,153,153.0
UNICORN-UNILEVER-130723-1669,156,127.64,116,174,58,58.0
UNICORN-UNILEVER-130723-1675,156,196.92,72,108,36,36.0
UNICORN-UNILEVER-081123-5914,156,445.32,11,16,5,5.0
UNICORN-UNILEVER-060124-8898,156,118.68,120,180,60,60.0
UNICORN-UNILEVER-0601-2010,156,58.56,1009,1513,504,504.0
UNICORN-UNILEVER-0601-2024,156,34.54,7340,11010,3670,11010.0
UNICORN-UNILEVER-100224-7250,156,255.32,103,154,51,51.0
UNICORN-UNILEVER-060124-8892,156,126.09,477,715,238,238.0
UNICORN-UNILEVER-130723-1293,156,38.43,688,1032,344,344.0
UNICORN-UNILEVER-180124-3880,156,443.74,14,21,7,7.0
UNICORN-UNILEVER-100124-1228,156,344.44,13,19,6,6.0
UNICORN-UNILEVER-150124-9331,156,397.71,58,87,29,29.0
UNICORN-UNILEVER-100224-7249,156,132.39,187,280,93,93.0
UNICORN-UNILEVER-0601-2013,156,114.58,3326,4989,1663,4989.0
UNICORN-UNILEVER-110124-0022,156,406.54,244,366,122,122.0
UNICORN-UNILEVER-130124-0008,156,569.76,17,25,8,8.0
UNICORN-UNILEVER-130723-1811,156,142.43,41,61,20,20.0
UNICORN-UNILEVER-0601-2031,156,103.55,66,99,33,99.0
UNICORN-UNILEVER-0601-2005,156,26.03,10125,15187,5062,5062.0
UNICORN-UNILEVER-080124-0016,156,85.82,2397,3595,1198,1198.0
UNICORN-UNILEVER-230124-0647,156,331.92,282,423,141,141.0
UNICORN-UNILEVER-130124-0007,156,328.52,63,94,31,31.0
UNICORN-UNILEVER-0601-2059,156,3.29,8979,13468,4489,4489.0
UNICORN-UNILEVER-060124-0001,156,380.14,91,136,45,45.0
UNICORN-UNILEVER-080124-1888,156,30.39,634,951,317,951.0
UNICORN-UNILEVER-0601-2016,156,2.44,131519,197278,65759,65759.0
UNICORN-UNILEVER-0601-2020,156,149.55,848,1272,424,424.0
UNICORN-UNILEVER-0601-2015,156,4.24,21600,32400,10800,32400.0
UNICORN-UNILEVER-150124-2748,156,86.69,223,334,111,334.0
UNICORN-UNILEVER-130124-0018,156,273.98,154,231,77,77.0
UNICORN-UNILEVER-130124-0016,156,366.77,106,159,53,53.0
UNICORN-UNILEVER-050723-9926,156,12.65,33,49,16,16.0
UNICORN-UNILEVER-100224-0003,2720,3.24,30781,46171,15390,46171.0
UNICORN-UNILEVER-080124-1889,2720,331.93,14,21,7,7.0
UNICORN-UNILEVER-0601-2016,2720,2.44,60248,90372,30124,30124.0
UNICORN-UNILEVER-150124-9329,2720,1.65,56081,84121,28040,28040.0
UNICORN-UNILEVER-080124-6403,2720,4.04,14363,21544,7181,7181.0
UNICORN-UNILEVER-080124-6404,2720,41.85,3502,5253,1751,1751.0
UNICORN-UNILEVER-0601-2008,2720,8.51,517,775,258,775.0
UNICORN-UNILEVER-0601-2024,2720,34.54,3028,4542,1514,4542.0
UNICORN-UNILEVER-0601-2023,2720,78.99,9763,14644,4881,14644.0
UNICORN-UNILEVER-010124-1783,2720,66.52,2382,3573,1191,3573.0
UNICORN-UNILEVER-300124-3659,2720,151.58,4152,6228,2076,6228.0
UNICORN-UNILEVER-0601-2012,2720,224.92,79,118,39,118.0
UNICORN-UNILEVER-0601-2015,2720,4.24,53087,79630,26543,79630.0
UNICORN-UNILEVER-0601-2013,2720,114.58,345,517,172,517.0
UNICORN-UNILEVER-0601-2014,2720,8.48,1972,2958,986,2958.0
UNICORN-UNILEVER-100224-0004,2720,151.3095,1148,1722,574,574.0
UNICORN-UNILEVER-130723-1460,2720,30.5,295,442,147,147.0
UNICORN-UNILEVER-0601-2049,2720,43.43,1623,2434,811,811.0
UNICORN-UNILEVER-0601-2047,2720,43.43,2873,4309,1436,1436.0
UNICORN-UNILEVER-0601-2044,2720,52.08,3256,4884,1628,4884.0
UNICORN-UNILEVER-060124-0007,2720,59.79,1602,2403,801,801.0
UNICORN-UNILEVER-0601-2036,2720,47.68,1744,2616,872,872.0
UNICORN-UNILEVER-0601-2040,2720,55.516296,60,90,30,30.0
UNICORN-UNILEVER-080124-6392,2720,47.68,5935,8902,2967,2967.0
UNICORN-UNILEVER-181123-1093,2720,138.63,53,79,26,26.0
UNICORN-UNILEVER-080124-6398,2720,72.74,232,348,116,116.0
UNICORN-UNILEVER-130124-0014,2720,206.16,42,63,21,21.0
UNICORN-UNILEVER-140124-1992,2720,131.28,3222,4833,1611,1611.0
UNICORN-UNILEVER-050723-9924,2720,54.86,1,1,1,0.0
UNICORN-UNILEVER-261223-7516,2720,3.26,2976,4464,1488,1488.0
UNICORN-UNILEVER-280124-2560,2720,4.06,33897,50845,16948,16948.0
UNICORN-UNILEVER-0601-2009,2720,117.12,118,177,59,59.0
UNICORN-UNILEVER-0601-2006,2720,34.0,1396,2094,698,698.0
UNICORN-UNILEVER-130723-1669,2720,127.6414,214,321,107,107.0
UNICORN-UNILEVER-130723-1542,2720,96.0077,241,361,120,120.0
UNICORN-UNILEVER-080124-0016,2720,85.8192,379,568,189,189.0
UNICORN-UNILEVER-0601-2029,2720,142.203958,28,42,14,14.0
UNICORN-UNILEVER-080124-3334,2720,288.43,4,6,2,2.0
UNICORN-UNILEVER-130723-1582,2720,149.86,61,91,30,30.0
UNICORN-UNILEVER-130723-1448,2720,80.93,56,84,28,28.0
UNICORN-UNILEVER-060124-8898,2720,118.68,61,91,30,30.0
UNICORN-UNILEVER-080124-1887,2720,226.96,236,354,118,118.0
UNICORN-UNILEVER-170124-7267,2720,78.4879,3820,5730,1910,1910.0
UNICORN-UNILEVER-130723-1579,2720,138.634,10,15,5,5.0
UNICORN-UNILEVER-060124-8891,2720,83.85,75,112,37,37.0
UNICORN-UNILEVER-080124-6400,2720,127.9,57,85,28,28.0
UNICORN-UNILEVER-0601-2017,2720,1.65,3588,5382,1794,5382.0
UNICORN-UNILEVER-130723-1762,2720,36.22,3,4,1,0.0
UNICORN-UNILEVER-0601-2030,2720,74.38,912,1368,456,1368.0
UNICORN-UNILEVER-0601-2032,2720,41.37,739,1108,369,369.0
UNICORN-UNILEVER-080124-3331,2720,24.82,721,1081,360,1081.0
UNICORN-UNILEVER-110124-2223,2720,41.51,3987,5980,1993,1993.0
UNICORN-UNILEVER-130124-0010,2720,63.37,887,1330,443,1330.0
UNICORN-UNILEVER-0601-2005,2720,26.03,3021,4531,1510,1510.0
UNICORN-UNILEVER-260723-0001,2720,87.63,66,99,33,33.0
UNICORN-UNILEVER-261223-9379,2720,66.52,16,24,8,24.0
UNICORN-UNILEVER-0601-2042,2720,8.44,1728,2592,864,2592.0
UNICORN-UNILEVER-130723-1753,2720,12.55,2556,3834,1278,3834.0
UNICORN-UNILEVER-0601-2039,2720,39.09,1929,2893,964,964.0
UNICORN-UNILEVER-060124-8909,2720,16.68,1077,1615,538,1615.0
UNICORN-UNILEVER-050723-9926,2720,12.65,124,186,62,62.0
UNICORN-UNILEVER-130723-1773,2720,13.06,406,609,203,203.0
UNICORN-UNILEVER-130723-1670,2720,329.7,14,21,7,7.0
UNICORN-UNILEVER-150124-3865,2720,132.83,388,582,194,194.0
UNICORN-UNILEVER-010124-7250,2720,124.52,536,804,268,268.0
UNICORN-UNILEVER-240823-0003,2720,51.33,657,985,328,985.0
UNICORN-UNILEVER-0601-2043,2720,52.08,2833,4249,1416,4249.0
UNICORN-UNILEVER-0601-2038,2720,39.09,833,1249,416,416.0
UNICORN-UNILEVER-120923-3363,2720,423.7308,1,1,1,1.0
UNICORN-UNILEVER-260723-0003,2720,3.3,1272,1908,636,636.0
UNICORN-UNILEVER-120823-0001,2720,3.17,2288,3432,1144,3432.0
UNICORN-UNILIEVER-180923-0101,2720,43.5847,14,21,7,7.0
UNICORN-UNILEVER-120923-3356,2720,103.92,1,1,1,1.0
UNICORN-UNILEVER-0601-2031,2720,103.55,51,76,25,76.0
UNICORN-UNILEVER-231123-1090,2720,91.54,69,103,34,34.0
UNICORN-UNILEVER-060124-0005,2720,8.44,1321,1981,660,1981.0
UNICORN-UNILEVER-100124-1224,2720,59.79,3856,5784,1928,1928.0
UNICORN-UNILEVER-130723-1247,2720,372.5,50,75,25,25.0
UNICORN-UNILEVER-130723-1241,2720,407.99,42,63,21,21.0
UNICORN-UNILEVER-080124-6405,2720,124.52,144,216,72,72.0
UNICORN-UNILEVER-130723-1815,2720,58.77,60,90,30,30.0
UNICORN-UNILEVER-091023-1021,2720,21.04,700,1050,350,1050.0
UNICORN-UNILEVER-0601-2046,2720,43.43,2133,3199,1066,1066.0
UNICORN-UNILEVER-300723-0006,2720,165.1,27,40,13,13.0
UNICORN-UNILEVER-180124-3882,2720,76.16,477,715,238,238.0
UNICORN-UNILEVER-110124-2222,2720,2.5217,16744,25116,8372,8372.0
UNICORN-UNILEVER-0601-2018,2720,149.55,69,103,34,34.0
UNICORN-UNILEVER-0601-2020,2720,149.55,96,144,48,48.0
UNICORN-UNILEVER-280124-0020,2720,344.47,32,48,16,16.0
UNICORN-UNILEVER-111223-8253,2720,0.79,324,486,162,162.0
UNICORN-UNILEVER-0601-2007,2720,12.77,1698,2547,849,849.0
UNICORN-UNILEVER-300124-4725,2720,108.75,531,796,265,796.0
UNICORN-UNILEVER-060124-0011,2720,267.72,25,37,12,37.0
UNICORN-UNILEVER-281223-7453,2720,148.36,7,10,3,3.0
UNICORN-UNILEVER-100224-0005,2720,269.52,384,576,192,192.0
UNICORN-UNILEVER-130723-1418,2720,87.63,33,49,16,16.0
UNICORN-UNILEVER-250723-1130,2720,87.63,1,1,1,1.0
UNICORN-UNILEVER-310723-0009,2720,118.92,123,184,61,61.0
UNICORN-UNILEVER-300723-0005,2720,165.1,33,49,16,16.0
UNICORN-UNILEVER-050723-9929,2720,202.38,6,9,3,3.0
UNICORN-UNILEVER-130723-1244,2720,199.5569,24,36,12,12.0
UNICORN-UNILEVER-130723-1460,144,30.5,442,663,221,221.0
UNICORN-UNILEVER-130723-1265,144,34.16,31,46,15,15.0
UNICORN-UNILEVER-0601-2031,144,103.55,445,667,222,667.0
UNICORN-UNILEVER-291023-0021,144,142.35,10,15,5,5.0
UNICORN-UNILEVER-281123-1004,144,126.54,40,60,20,20.0
UNICORN-UNILEVER-130723-1773,144,13.06,231,346,115,115.0
UNICORN-UNILEVER-060124-0012,144,331.93,27,40,13,13.0
UNICORN-UNILEVER-080124-0011,144,41.51,144,216,72,72.0
UNICORN-UNILEVER-150124-9333,144,508.18,44,66,22,22.0
UNICORN-UNILEVER-130723-1466,144,16.45,485,727,242,242.0
UNICORN-UNILEVER-130723-1687,144,381.5004,23,34,11,11.0
UNICORN-UNILEVER-211023-0024,144,135.6229,14,21,7,21.0
UNICORN-UNILEVER-121223-6420,144,42.54,34,51,17,51.0
UNICORN-UNILEVER-130124-0008,144,569.76,10,15,5,5.0
UNICORN-UNILEVER-050723-9929,144,202.3821,58,87,29,29.0
UNICORN-UNILEVER-130723-1648,144,148.3613,6,9,3,3.0
UNICORN-UNILEVER-300124-5936,144,219.39,33,49,16,16.0
UNICORN-UNILEVER-080124-6400,144,127.9,253,379,126,126.0
UNICORN-UNILEVER-150124-9331,144,397.71,12,18,6,6.0
UNICORN-UNILEVER-0601-2007,144,12.77,7454,11181,3727,3727.0
UNICORN-UNILEVER-130723-1602,144,28.47,3,4,1,0.0
UNICORN-UNILEVER-130723-1375,144,28.47,3,4,1,0.0
UNICORN-UNILEVER-130723-1492,144,404.1183,44,66,22,22.0
UNICORN-UNILEVER-120823-0021,144,155.0,8,12,4,12.0
UNICORN-UNILEVER-0601-2060,144,121.46,23,34,11,11.0
UNICORN-UNILEVER-130723-1398,144,121.16,48,72,24,24.0
UNICORN-UNILEVER-130723-1268,144,21.75,219,328,109,109.0
UNICORN-UNILEVER-300823-1094,144,333.1013,8,12,4,4.0
UNICORN-UNILEVER-031023-1003,144,62.32,3,4,1,0.0
UNICORN-UNILEVER-130723-1495,144,13.05,26,39,13,13.0
UNICORN-UNILEVER-130723-1753,144,12.55,1,1,1,1.0
UNICORN-UNILEVER-281023-5158,144,108.02,21,31,10,10.0
UNICORN-UNILEVER-230124-0647,144,331.92,123,184,61,61.0
UNICORN-UNILEVER-081123-5914,144,445.32,9,13,4,4.0
UNICORN-UNILEVER-121223-7151,144,150.08,83,124,41,41.0
UNICORN-UNILEVER-100124-1228,144,344.44,9,13,4,4.0
UNICORN-UNILEVER-130124-0006,144,328.61,21,31,10,10.0
UNICORN-UNILEVER-240723-0001,144,75.0,21,31,10,10.0
UNICORN-UNILEVER-250723-0702,144,220.17,5,7,2,2.0
UNICORN-UNILEVER-150124-3331,144,542.46,27,40,13,13.0
UNICORN-UNILEVER-270923-1021,144,108.02,99,148,49,49.0
UNICORN-UNILEVER-130124-0018,144,273.97,29,43,14,14.0
UNICORN-UNILEVER-281023-5157,144,108.02,33,49,16,16.0
UNICORN-UNILEVER-130124-0005,144,219.39,56,84,28,28.0
UNICORN-UNILEVER-130723-1365,144,73.31,68,102,34,34.0
UNICORN-UNILEVER-050723-9926,144,12.65,133,199,66,66.0
UNICORN-UNILEVER-060124-8901,144,52.08,425,637,212,637.0
UNICORN-UNILEVER-161123-1002,144,66.9,7,10,3,3.0
UNICORN-UNILEVER-0601-2053,144,138.15,89,133,44,44.0
UNICORN-UNILEVER-0601-2005,2671,26.03,6322,9483,3161,3161.0
UNICORN-UNILEVER-300124-4725,2671,108.75,694,1041,347,1041.0
UNICORN-UNILEVER-130723-1528,2671,56.83,5,7,2,7.0
UNICORN-UNILEVER-080224-1026,2671,8.38,8704,13056,4352,13056.0
UNICORN-UNILEVER-181123-1002,2671,314.52,2,3,1,1.0
UNICORN-UNILEVER-0601-2035,2671,55.52,110,165,55,55.0
UNICORN-UNILEVER-0601-2040,2671,55.52,142,213,71,71.0
UNICORN-UNILEVER-0601-2036,2671,47.68,641,961,320,320.0
UNICORN-UNILEVER-080124-6392,2671,47.68,8938,13407,4469,4469.0
UNICORN-UNILEVER-261223-9379,2671,66.52,102,153,51,153.0
UNICORN-UNILEVER-130723-1809,2671,62.32,42,63,21,21.0
UNICORN-UNILEVER-080124-6393,2671,62.1,66,99,33,33.0
UNICORN-UNILEVER-031023-1003,2671,62.32,2,3,1,0.0
UNICORN-UNILEVER-0601-2047,2671,43.43,7381,11071,3690,3690.0
UNICORN-UNILEVER-080124-6402,2671,3.24,8301,12451,4150,12451.0
UNICORN-UNILEVER-280124-1456,2671,3.24,29036,43554,14518,43554.0
UNICORN-UNILEVER-0601-2016,2671,2.44,121698,182547,60849,60849.0
UNICORN-UNILEVER-110124-2222,2671,2.52,33693,50539,16846,50539.0
UNICORN-UNILEVER-100124-1227,2671,1.62,5625,8437,2812,8437.0
UNICORN-UNILEVER-0601-2017,2671,1.65,108,162,54,162.0
UNICORN-UNILEVER-0601-2063,2671,3.24,11265,16897,5632,16897.0
UNICORN-UNILEVER-280124-2560,2671,4.06,39787,59680,19893,19893.0
UNICORN-UNILEVER-080124-6407,2671,1.65,36327,54490,18163,54490.0
UNICORN-UNILEVER-130723-1455,2671,119.1,12,18,6,6.0
UNICORN-UNILEVER-050723-9929,2671,202.38,14,21,7,7.0
UNICORN-UNILEVER-080224-1025,2671,157.73,3032,4548,1516,4548.0
UNICORN-UNILEVER-0601-2024,2671,34.54,3902,5853,1951,5853.0
UNICORN-UNILEVER-010124-1783,2671,66.52,5418,8127,2709,8127.0
UNICORN-UNILEVER-0601-2014,2671,8.48,2126,3189,1063,3189.0
UNICORN-UNILEVER-0601-2015,2671,4.24,48608,72912,24304,72912.0
UNICORN-UNILEVER-0601-2038,2671,39.09,2956,4434,1478,1478.0
UNICORN-UNILEVER-0601-2046,2671,43.43,7163,10744,3581,3581.0
UNICORN-UNILEVER-0601-2049,2671,43.43,2771,4156,1385,1385.0
UNICORN-UNILEVER-0601-2043,2671,52.08,1100,1650,550,1650.0
UNICORN-UNILEVER-121223-6419,2671,162.47,71,106,35,35.0
UNICORN-UNILEVER-080124-6404,2671,41.85,9073,13609,4536,4536.0
UNICORN-UNILEVER-080124-6403,2671,4.04,12366,18549,6183,6183.0
UNICORN-UNILEVER-080124-1887,2671,226.96,45,67,22,22.0
UNICORN-UNILEVER-170124-7267,2671,78.49,8662,12993,4331,4331.0
UNICORN-UNILEVER-140124-1992,2671,131.28,3682,5523,1841,1841.0
UNICORN-UNILEVER-080124-6389,2671,165.49,86,129,43,43.0
UNICORN-UNILEVER-080124-0016,2671,85.82,1487,2230,743,743.0
UNICORN-UNILEVER-091223-5932,2671,270.46,103,154,51,51.0
UNICORN-UNILEVER-0601-2023,2671,78.99,18604,27906,9302,27906.0
UNICORN-UNILEVER-080124-6406,2671,91.22,296,444,148,148.0
UNICORN-UNILEVER-080124-6391,2671,24.82,3017,4525,1508,4525.0
UNICORN-UNILEVER-0601-2004,2671,119.83,477,715,238,715.0
UNICORN-UNILEVER-060124-0015,2671,25.96,1184,1776,592,1776.0
UNICORN-UNILEVER-0601-2006,2671,34.0,222,333,111,111.0
UNICORN-UNILEVER-0601-2044,2671,52.08,704,1056,352,1056.0
UNICORN-UNILEVER-150124-9329,2671,1.65,117985,176977,58992,58992.0
UNICORN-UNILEVER-060124-0007,2671,59.79,2952,4428,1476,1476.0
UNICORN-UNILEVER-100124-1224,2671,59.79,3884,5826,1942,1942.0
UNICORN-UNILEVER-140124-1993,2671,12.55,6887,10330,3443,10330.0
UNICORN-UNILEVER-060124-0005,2671,8.44,422,633,211,633.0
UNICORN-UNILEVER-250124-4427,2671,87.31,48,72,24,72.0
UNICORN-UNILEVER-300723-0006,2671,165.1,43,64,21,21.0
UNICORN-UNILEVER-0601-2054,2671,118.49,162,243,81,81.0
UNICORN-UNILEVER-0601-2032,2671,41.37,4389,6583,2194,2194.0
UNICORN-UNILEVER-110124-2223,2671,41.51,1642,2463,821,821.0
UNICORN-UNILEVER-0601-2002,2671,63.37,1836,2754,918,2754.0
UNICORN-UNILEVER-091023-1021,2671,21.04,610,915,305,915.0
UNICORN-UNILEVER-0601-2007,2671,12.77,4478,6717,2239,2239.0
UNICORN-UNILEVER-080124-6400,2671,127.9,89,133,44,44.0
UNICORN-UNILEVER-080224-1024,2671,99.64,61,91,30,30.0
UNICORN-UNILEVER-280124-2559,2671,142.2,433,649,216,216.0
UNICORN-UNILEVER-160823-1609,2671,138.634,1,1,1,1.0
UNICORN-UNILEVER-130723-1468,2671,142.506,7,10,3,3.0
UNICORN-UNILEVER-0601-2059,2671,3.29,2489,3733,1244,1244.0
UNICORN-UNILEVER-280124-2562,2671,380.14,34,51,17,17.0
UNICORN-UNILEVER-0601-2020,2671,149.55,148,222,74,74.0
UNICORN-UNILEVER-0601-2052,2671,80.65,128,192,64,64.0
UNICORN-UNILEVER-130723-1733,2671,407.99,27,40,13,13.0
UNICORN-UNILEVER-130723-1240,2671,13.06,810,1215,405,405.0
UNICORN-UNILEVER-150124-9328,2671,34.0,4350,6525,2175,2175.0
UNICORN-UNILEVER-130723-1735,2671,154.0173,668,1002,334,1002.0
UNICORN-UNILEVER-180124-3882,2671,76.16,553,829,276,276.0
UNICORN-UNILEVER-080124-3341,2671,105.91,49,73,24,73.0
UNICORN-UNILEVER-060124-8890,2671,149.34,46,69,23,23.0
UNICORN-UNILEVER-0601-2039,2671,39.09,3532,5298,1766,1766.0
UNICORN-UNILEVER-080224-1022,2671,52.08,816,1224,408,1224.0
UNICORN-UNILEVER-0601-2018,2671,149.55,89,133,44,44.0
UNICORN-UNILEVER-060124-8894,2671,66.66,128,192,64,64.0
UNICORN-UNILEVER-080124-6405,2671,124.52,452,678,226,226.0
UNICORN-UNILEVER-130723-1241,2671,407.99,26,39,13,13.0
UNICORN-UNILEVER-0601-2047,156,43.43,29600,44400,14800,14800.0
UNICORN-UNILEVER-130124-0010,156,63.37,15496,23244,7748,23244.0
UNICORN-UNILEVER-220124-5397,156,380.14,17,25,8,8.0
UNICORN-UNILEVER-211023-1225,156,4233.66,51,76,25,76.0
UNICORN-UNILEVER-080124-6389,156,165.49,252,378,126,126.0
UNICORN-UNILEVER-130124-0009,156,73.05,152,228,76,228.0
UNICORN-UNILEVER-170124-4088,156,402.68,48,72,24,24.0
UNICORN-UNILEVER-060124-8899,156,380.14,41,61,20,20.0
UNICORN-UNILEVER-060124-0002,156,73.06,269,403,134,134.0
UNICORN-UNILEVER-180124-3881,156,287.48,23,34,11,11.0
UNICORN-UNILEVER-060124-8888,156,222.27,47,70,23,70.0
UNICORN-UNILEVER-190923-1213,156,55.71,893,1339,446,446.0
UNICORN-UNILEVER-081123-7034,156,114.05,59,88,29,88.0
UNICORN-UNILEVER-280723-2004,2671,126.53,1,1,1,1.0
UNICORN-UNILEVER-060124-8892,2671,126.09,36,54,18,18.0
UNICORN-UNILEVER-0601-2033,2671,74.86,57,85,28,85.0
UNICORN-UNILEVER-150124-3865,2671,132.83,1386,2079,693,693.0
UNICORN-UNILEVER-0601-2022,2671,151.578667,139,208,69,208.0
UNICORN-UNILEVER-080224-1021,2671,8.44,4073,6109,2036,6109.0
UNICORN-UNILEVER-080124-6398,2671,72.74,203,304,101,101.0
UNICORN-UNILEVER-130723-1247,2671,372.5,66,99,33,33.0
UNICORN-UNILEVER-0601-2013,2671,114.5795,252,378,126,378.0
UNICORN-UNILEVER-300723-0005,2671,165.0988,89,133,44,44.0
UNICORN-UNILEVER-130124-0005,2671,219.3921,13,19,6,6.0
UNICORN-UNILEVER-060124-0002,2671,73.055,62,93,31,31.0
UNICORN-UNILEVER-300124-5936,2671,219.3921,7,10,3,3.0
UNICORN-UNILEVER-280124-2561,2671,2.4398,7194,10791,3597,3597.0
UNICORN-UNILEVER-0601-2019,2671,1.654831,306,459,153,153.0
UNICORN-UNILEVER-130723-1398,2671,121.1565,11,16,5,5.0
UNICORN-UNILEVER-0601-2061,2671,121.455625,1,1,1,1.0
UNICORN-UNILEVER-130124-0017,2671,517.0175,67,100,33,33.0
UNICORN-UNILEVER-130723-1412,2671,8.4731,276,414,138,138.0
UNICORN-UNILEVER-070823-0009,2671,8.54,1936,2904,968,968.0
UNICORN-UNILEVER-300823-1094,2671,281.0,27,40,13,40.0
UNICORN-UNILEVER-130124-0006,2671,321.5,8,12,4,12.0
UNICORN-UNILEVER-160823-1244,2671,78.7675,653,979,326,326.0
UNICORN-UNILEVER-141023-1204,2671,101.88,1,1,1,1.0
UNICORN-UNILEVER-060124-8899,2671,380.14,7,10,3,3.0
UNICORN-UNILEVER-130723-1244,2671,199.56,127,190,63,63.0
UNICORN-UNILEVER-130124-5271,2671,689.36,67,100,33,33.0
UNICORN-UNILEVER-130723-1249,2671,86.99,24,36,12,12.0
UNICORN-UNILEVER-281123-1002,2671,213.47,11,16,5,5.0
UNICORN-UNILEVER-130124-0011,2671,78.99,18,27,9,27.0
UNICORN-UNILEVER-110923-1244,2671,60.6702,3,4,1,4.0
UNICORN-UNILEVER-050723-9928,2671,118.806,6,9,3,3.0
UNICORN-UNILEVER-130723-1336,2671,3.2559,642,963,321,321.0
UNICORN-UNILEVER-060124-0011,2671,267.72,73,109,36,109.0
UNICORN-UNILEVER-080224-1020,2671,42.56,42,63,21,21.0
UNICORN-UNILEVER-080224-1027,2671,258.16,3,4,1,1.0
UNICORN-UNILEVER-250723-1130,2671,87.625,4,6,2,2.0
UNICORN-UNILEVER-310723-0008,2720,118.92,52,78,26,26.0
UNICORN-UNILEVER-130723-1731,2720,13.06,1220,1830,610,610.0
UNICORN-UNILEVER-080124-6407,2720,1.65,7480,11220,3740,11220.0
UNICORN-UNILEVER-0601-2004,2720,119.83,147,220,73,220.0
UNICORN-UNILEVER-280124-2558,2720,70.94,6,9,3,3.0
UNICORN-UNILEVER-081123-7033,2720,138.25,0,0,1,1.0
UNICORN-UNILEVER-231023-9303,2720,72.525,1,1,1,0.0
UNICORN-UNILEVER-130723-1703,2720,381.5,16,24,8,8.0
UNICORN-UNILEVER-0601-2057,2720,161.9,39,58,19,19.0
UNICORN-UNILEVER-161123-1002,2720,66.9,68,102,34,34.0
UNICORN-UNILEVER-091223-0031,2720,62.32,44,66,22,22.0
UNICORN-UNILEVER-031023-1003,2720,62.32,31,46,15,15.0
UNICORN-UNILEVER-211023-1223,2720,62.32,28,42,14,14.0
UNICORN-UNILEVER-261223-7518,2720,66.52,50,75,25,75.0
UNICORN-UNILEVER-130723-1733,2720,407.99,66,99,33,33.0
UNICORN-UNILEVER-0601-2063,2720,3.24,15363,23044,7681,23044.0
UNICORN-UNILEVER-0601-2011,2720,21.67,62,93,31,93.0
UNICORN-UNILEVER-130723-1466,2720,16.45,384,576,192,192.0
UNICORN-UNILEVER-270124-3769,2379,196.23,14,21,7,7.0
UNICORN-UNILEVER-130723-1672,2379,218.75,9,13,4,4.0
UNICORN-UNILEVER-130723-1469,2379,134.3127,5,7,2,2.0
UNICORN-UNILEVER-130723-1644,2379,66.8956,5,7,2,2.0
UNICORN-UNILEVER-130723-1699,2379,333.1013,6,9,3,3.0
UNICORN-UNILEVER-250723-1126,2379,98.45,3,4,1,1.0
UNICORN-UNILEVER-280723-2002,2379,98.45,1,1,1,1.0
UNICORN-UNILEVER-060124-0002,2379,73.05,146,219,73,219.0
UNICORN-UNILEVER-080124-6400,2379,127.9,85,127,42,42.0
UNICORN-UNILEVER-0601-2053,2379,138.15,49,73,24,24.0
UNICORN-UNILEVER-140823-0022,2379,518.85,31,46,15,15.0
UNICORN-UNILEVER-130723-1247,2379,372.5,52,78,26,26.0
UNICORN-UNILEVER-130723-1241,2379,407.99,49,73,24,24.0
UNICORN-UNILEVER-130723-1733,2379,407.99,76,114,38,38.0
UNICORN-UNILEVER-250723-0709,2379,28.94,423,634,211,634.0
UNICORN-UNILEVER-210823-1982,2379,51.33,1142,1713,571,1713.0
UNICORN-UNILEVER-020923-0002,2379,47.85,85,127,42,42.0
UNICORN-UNILEVER-060124-8892,2379,126.09,24,36,12,12.0
UNICORN-UNILEVER-0601-2033,2379,74.86,77,115,38,115.0
UNICORN-UNILEVER-130723-1648,2379,148.36,23,34,11,11.0
UNICORN-UNILEVER-300124-3659,2379,151.58,2606,3909,1303,3909.0
UNICORN-UNILEVER-150124-9329,2379,1.65,256605,384907,128302,384907.0
UNICORN-UNILEVER-130723-1745,2379,125.09,112,168,56,168.0
UNICORN-UNILEVER-0601-2010,2379,58.56,117,175,58,58.0
UNICORN-UNILEVER-300124-4725,2379,108.75,310,465,155,465.0
UNICORN-UNILEVER-0601-2014,156,8.48,112637,168955,56318,168955.0
UNICORN-UNILEVER-300124-4725,156,108.75,1493,2239,746,2239.0
UNICORN-UNILEVER-250124-3695,156,397.71,22,33,11,11.0
UNICORN-UNILEVER-250723-0712,156,38.43,339,508,169,169.0
UNICORN-UNILEVER-060124-0012,156,331.93,23,34,11,11.0
UNICORN-UNILEVER-220124-6504,156,132.72,960,1440,480,480.0
UNICORN-UNILEVER-130124-0006,156,328.61,17,25,8,8.0
UNICORN-UNILEVER-300723-0005,156,165.1,60,90,30,30.0
UNICORN-UNILEVER-130723-1586,156,411.04,30,45,15,15.0
UNICORN-UNILEVER-250723-1132,156,41.88,34,51,17,51.0
UNICORN-UNILEVER-291023-0021,156,142.35,132,198,66,66.0
UNICORN-UNILEVER-0601-2044,156,52.08,2160,3240,1080,3240.0
UNICORN-UNILEVER-250723-0702,156,220.17,11,16,5,5.0
UNICORN-UNILEVER-300923-1080,156,75.13,151,226,75,75.0
UNICORN-UNILEVER-0601-2058,156,161.9,170,255,85,85.0
UNICORN-UNILEVER-050723-9923,156,35.79,988,1482,494,494.0
UNICORN-UNILEVER-310723-0008,156,118.92,204,306,102,102.0
UNICORN-UNILEVER-150124-9332,156,530.27,42,63,21,21.0
UNICORN-UNILEVER-150124-9333,156,508.18,46,69,23,23.0
UNICORN-UNILEVER-211123-2746,2720,333.1,24,36,12,12.0
UNICORN-UNILEVER-130723-1248,2720,509.98,2,3,1,1.0
UNICORN-UNILEVER-270923-1021,2720,108.02,7,10,3,3.0
UNICORN-UNILEVER-091223-5929,2720,162.47,1,1,1,1.0
UNICORN-UNILEVER-261023-1981,2720,141.63,1,1,1,1.0
UNICORN-UNILEVER-130723-1818,2720,227.67,18,27,9,9.0
UNICORN-UNILEVER-080124-6402,2720,3.24,137,205,68,205.0
UNICORN-UNILEVER-130723-1394,2671,78.9114,8,12,4,4.0
UNICORN-UNILEVER-130723-1819,2671,41.519,20,30,10,10.0
UNICORN-UNILEVER-130723-1442,2671,106.2885,1,1,1,1.0
UNICORN-UNILEVER-130723-1644,2671,66.8956,1,1,1,0.0
UNICORN-UNILEVER-130723-1632,2671,117.5372,9,13,4,4.0
UNICORN-UNILEVER-130723-1408,2671,203.0875,4,6,2,2.0
UNICORN-UNILEVER-070823-0002,2671,72.994375,5,7,2,2.0
UNICORN-UNILEVER-110124-2224,2671,4.24,13341,20011,6670,20011.0
UNICORN-UNILEVER-060124-8909,2671,16.68,1303,1954,651,1954.0
UNICORN-UNILEVER-250723-0703,2671,43.58,1,1,1,0.0
UNICORN-UNILEVER-080124-6397,2671,43.43,32,48,16,16.0
UNICORN-UNILEVER-130723-1818,2671,227.6667,17,25,8,8.0
UNICORN-UNILEVER-281223-7452,2671,142.43,1,1,1,1.0
UNICORN-UNILEVER-041223-8629,2671,81.73,51,76,25,76.0
UNICORN-UNILEVER-0601-2053,2671,138.15,57,85,28,28.0
UNICORN-UNILEVER-120923-3357,2671,36.06,11,16,5,5.0
UNICORN-UNILEVER-070823-0010,2671,77.6444,3,4,1,1.0
UNICORN-UNILEVER-130124-0012,2671,130.49,10,15,5,5.0
UNICORN-UNILEVER-260823-0003,2671,74.6472,74,111,37,37.0
UNICORN-UNILEVER-130124-0007,2379,328.52,8,12,4,4.0
UNICORN-UNILEVER-080124-6403,2379,4.04,21028,31542,10514,10514.0
UNICORN-UNILEVER-050723-9923,2379,35.79,5,7,2,2.0
UNICORN-UNILEVER-060124-8890,2379,149.34,48,72,24,24.0
UNICORN-UNILEVER-080124-1887,2379,226.96,1,1,1,1.0
UNICORN-UNILEVER-0601-2044,2379,52.08,3311,4966,1655,4966.0
UNICORN-UNILEVER-0601-2042,2379,8.44,11303,16954,5651,16954.0
UNICORN-UNILEVER-130723-1783,2379,52.27,11,16,5,5.0
UNICORN-UNILEVER-031023-1003,2379,62.32,22,33,11,11.0
UNICORN-UNILEVER-130723-1348,2379,66.61,11,16,5,5.0
UNICORN-UNILEVER-121223-6402,2379,75.36,106,159,53,159.0
UNICORN-UNILEVER-0601-2036,2379,47.68,896,1344,448,448.0
UNICORN-UNILEVER-130723-1762,2379,36.22,114,171,57,57.0
UNICORN-UNILEVER-0601-2029,2379,142.2,57,85,28,28.0
UNICORN-UNILEVER-050723-9929,2379,202.38,18,27,9,9.0
UNICORN-UNILEVER-130723-1395,2379,62.16,30,45,15,15.0
UNICORN-UNILEVER-130723-1624,2379,42.71,33,49,16,16.0
UNICORN-UNILEVER-130723-1864,2379,303.34,39,58,19,58.0
UNICORN-UNILEVER-270124-3770,2379,149.55,38,57,19,19.0
UNICORN-UNILEVER-0601-2014,2379,8.48,353,529,176,529.0
UNICORN-UNILEVER-130723-1737,2379,249.26,18,27,9,27.0
UNICORN-UNILEVER-211023-0024,2379,135.62,3,4,1,4.0
UNICORN-UNILEVER-100224-0003,2379,3.24,41743,62614,20871,62614.0
UNICORN-UNILEVER-200124-3076,2379,583.15,9,13,4,4.0
UNICORN-UNILEVER-060124-8909,2379,16.68,5191,7786,2595,7786.0
UNICORN-UNILEVER-100224-2640,2379,212.77,622,933,311,311.0
UNICORN-UNILEVER-120224-1578,2379,49.45,281,421,140,140.0
UNICORN-UNILEVER-080224-1022,2379,52.08,3025,4537,1512,4537.0
UNICORN-UNILEVER-261223-9379,2379,66.52,72,108,36,108.0
UNICORN-UNILEVER-100224-0004,2379,151.31,1772,2658,886,886.0
UNICORN-UNILEVER-080224-1025,2379,157.73,720,1080,360,1080.0
UNICORN-UNILEVER-010124-1783,2379,66.52,5148,7722,2574,7722.0
UNICORN-UNILEVER-120224-6260,2379,7.93,2755,4132,1377,4132.0
UNICORN-UNILEVER-280124-2558,144,70.94,39,58,19,19.0
UNICORN-UNILEVER-231023-9303,144,72.52,3,4,1,4.0
UNICORN-UNILEVER-280124-1456,144,3.24,39449,59173,19724,59173.0
UNICORN-UNILEVER-130723-1632,144,117.5372,3,4,1,1.0
UNICORN-UNILEVER-311023-6699,144,117.5372,6,9,3,3.0
UNICORN-UNILEVER-130723-1582,144,149.8639,1,1,1,1.0
UNICORN-UNILEVER-130723-1606,144,12.8117,1,1,1,0.0
UNICORN-UNILEVER-050723-9928,144,118.806,2,3,1,1.0
UNICORN-UNILEVER-130723-1815,144,58.7675,10,15,5,5.0
UNICORN-UNILEVER-130723-1553,144,25.2579,2,3,1,3.0
UNICORN-UNILEVER-130723-1615,144,32.9822,3,4,1,4.0
UNICORN-UNILEVER-130723-1506,144,303.6821,1,1,1,1.0
UNICORN-UNILEVER-121223-6404,144,150.080417,1,1,1,1.0
UNICORN-UNILEVER-130723-1281,144,234.5721,6,9,3,3.0
UNICORN-UNILEVER-130723-1345,144,29.1819,3,4,1,0.0
UNICORN-UNILEVER-280124-2560,144,4.06,95772,143658,47886,47886.0
UNICORN-UNILEVER-280823-0777,144,227.76,19,28,9,9.0
UNICORN-UNILEVER-100224-0004,144,151.31,2298,3447,1149,1149.0
UNICORN-UNILEVER-120923-3357,144,36.06,9,13,4,4.0
UNICORN-UNILEVER-130723-1558,144,59.31,100,150,50,50.0
UNICORN-UNILEVER-130723-1247,144,372.5038,22,33,11,11.0
UNICORN-UNILEVER-130723-1304,144,124.6287,32,48,16,48.0
UNICORN-UNILEVER-130723-1434,144,337.9967,7,10,3,10.0
UNICORN-UNILEVER-130723-1529,144,223.06,12,18,6,18.0
UNICORN-UNILEVER-100224-2640,144,212.77,3055,4582,1527,1527.0
UNICORN-UNILEVER-300923-1080,144,75.13,36,54,18,18.0
UNICORN-UNILEVER-130723-1735,144,154.02,258,387,129,387.0
UNICORN-UNILEVER-130723-1680,144,333.1,49,73,24,24.0
UNICORN-UNILEVER-300823-1093,144,333.1013,17,25,8,8.0
UNICORN-UNILEVER-310823-1002,144,345.6754,10,15,5,5.0
UNICORN-UNILEVER-130723-1316,144,79.6406,3,4,1,1.0
UNICORN-UNILEVER-130723-1579,144,138.63,84,126,42,42.0
UNICORN-UNILEVER-141023-1020,144,157.28,17,25,8,8.0
UNICORN-UNILEVER-300923-0033,144,59.0859,3,4,1,0.0
UNICORN-UNILEVER-141023-1022,144,64.5325,34,51,17,17.0
UNICORN-UNILEVER-250723-9944,144,98.45,1,1,1,1.0
UNICORN-UNILEVER-130723-1702,144,191.9363,6,9,3,3.0
UNICORN-UNILEVER-130723-1361,144,222.305,1,1,1,1.0
UNICORN-UNILEVER-130723-1597,144,38.4349,5,7,2,2.0
UNICORN-UNILEVER-0601-2004,156,119.83,11810,17715,5905,17715.0
UNICORN-UNILEVER-120224-0021,156,1.65,624211,936316,312105,936316.0
UNICORN-UNILEVER-050224-0002,156,74.38,3168,4752,1584,4752.0
UNICORN-UNILEVER-080224-1024,156,99.64,960,1440,480,480.0
UNICORN-UNILEVER-230124-0648,156,452.5,19,28,9,9.0
UNICORN-UNILEVER-100224-0002,156,41.37,2791,4186,1395,1395.0
UNICORN-UNILEVER-100224-0005,156,269.52,666,999,333,333.0
UNICORN-UNILEVER-230923-3493,156,55.71,424,636,212,212.0
UNICORN-UNILEVER-080224-1022,156,52.08,1008,1512,504,1512.0
UNICORN-UNILEVER-130723-1648,156,148.36,40,60,20,20.0
UNICORN-UNILEVER-220124-5399,156,81.14,37,55,18,18.0
UNICORN-UNILEVER-250723-1126,156,98.45,59,88,29,29.0
UNICORN-UNILEVER-0601-2009,156,117.12,1193,1789,596,596.0
UNICORN-UNILEVER-290124-3940,156,303.78,49,73,24,24.0
UNICORN-UNILEVER-280124-1456,156,3.24,77888,116832,38944,116832.0
UNICORN-UNILEVER-080124-3341,2379,105.91,72,108,36,108.0
UNICORN-UNILEVER-060124-0003,2379,118.68,27,40,13,13.0
UNICORN-UNILEVER-130723-1462,2379,173.38,12,18,6,6.0
UNICORN-UNILEVER-130124-0014,2379,206.16,9,13,4,4.0
UNICORN-UNILEVER-130723-1702,2379,191.9363,10,15,5,5.0
UNICORN-UNILEVER-130723-1237,2379,691.7975,10,15,5,5.0
UNICORN-UNILEVER-130723-1243,2379,381.3771,224,336,112,112.0
UNICORN-UNILEVER-130723-1246,2379,518.85,2,3,1,1.0
UNICORN-UNILEVER-130723-1249,2379,86.99,99,148,49,49.0
UNICORN-UNILEVER-130723-1251,2379,127.4,52,78,26,26.0
UNICORN-UNILEVER-130723-1244,2379,199.56,63,94,31,31.0
UNICORN-UNILEVER-120923-3360,2379,86.99,102,153,51,51.0
UNICORN-UNILEVER-050224-0002,2379,74.38,1026,1539,513,1539.0
UNICORN-UNILEVER-080224-1024,2379,99.64,474,711,237,237.0
UNICORN-UNILEVER-130723-1680,2379,333.1,24,36,12,12.0
UNICORN-UNILEVER-230124-0647,2379,331.92,34,51,17,17.0
UNICORN-UNILEVER-130723-1705,2671,191.94,9,13,4,4.0
UNICORN-UNILEVER-080124-1889,2671,331.93,24,36,12,12.0
UNICORN-UNILEVER-280124-0020,2671,344.47,48,72,24,24.0
UNICORN-UNILEVER-130124-0007,2671,328.5238,7,10,3,3.0
UNICORN-UNILEVER-130723-1672,2671,218.75,20,30,10,10.0
UNICORN-UNILEVER-130723-1776,2671,73.31,11,16,5,5.0
UNICORN-UNILEVER-0601-2028,2671,155.98,22,33,11,11.0
UNICORN-UNILEVER-141023-1203,2671,345.6754,7,10,3,3.0
UNICORN-UNILEVER-151123-9916,2671,571.7758,12,18,6,6.0
UNICORN-UNILEVER-130124-0008,2671,569.7575,4,6,2,2.0
UNICORN-UNILEVER-080124-3335,2671,87.31,204,306,102,306.0
UNICORN-UNILEVER-130124-5270,2671,406.54,312,468,156,156.0
UNICORN-UNILEVER-260823-0004,2671,34.12,446,669,223,223.0
UNICORN-UNILEVER-130723-1462,2671,173.38,22,33,11,11.0
UNICORN-UNILEVER-130723-1740,2671,115.8846,20,30,10,10.0
UNICORN-UNILEVER-150923-1244,2671,142.7083,8,12,4,4.0
UNICORN-UNILEVER-130124-0018,2671,273.97,26,39,13,13.0
UNICORN-UNILEVER-130723-1258,2671,24.4868,15,22,7,7.0
UNICORN-UNILEVER-050723-9926,2671,12.65,130,195,65,65.0
UNICORN-UNILEVER-130723-1542,2671,96.01,5,7,2,2.0
UNICORN-UNILEVER-130723-1703,2671,381.5004,1,1,1,1.0
UNICORN-UNILEVER-130723-1696,2671,191.9363,5,7,2,2.0
UNICORN-UNILEVER-130723-1254,2671,40.9422,9,13,4,4.0
UNICORN-UNILEVER-080224-1021,144,8.44,5982,8973,2991,8973.0
UNICORN-UNILEVER-121023-1239,144,585.22,8,12,4,4.0
UNICORN-UNILEVER-130723-1397,144,220.17,13,19,6,6.0
UNICORN-UNILEVER-120224-6262,144,80.85,34,51,17,51.0
UNICORN-UNILEVER-130723-1308,144,571.78,2,3,1,1.0
UNICORN-UNILEVER-130723-1733,144,407.9871,3,4,1,1.0
UNICORN-UNILEVER-130723-1248,144,509.9771,5,7,2,2.0
UNICORN-UNILEVER-130723-1745,144,125.0878,3,4,1,1.0
UNICORN-UNILEVER-0601-2004,144,119.83,2570,3855,1285,3855.0
UNICORN-UNILEVER-130723-1481,144,931.45,1,1,1,1.0
UNICORN-UNILEVER-280723-2003,144,121.89,11,16,5,5.0
UNICORN-UNILEVER-170124-0864,2720,4.24,216,324,108,324.0
UNICORN-UNILEVER-121123-1000,2720,41.8064,4,6,2,6.0
UNICORN-UNILEVER-130723-1774,2720,147.8869,0,0,1,1.0
UNICORN-UNILEVER-170124-4086,144,161.9,20,30,10,10.0
UNICORN-UNILEVER-290124-3941,144,380.14,7,10,3,3.0
UNICORN-UNILEVER-130723-1646,144,3.282,363,544,181,181.0
UNICORN-UNILEVER-130723-1604,144,3.282,259,388,129,129.0
UNICORN-UNILEVER-130723-1760,144,2.4484,254,381,127,127.0
UNICORN-UNILEVER-130723-1814,144,2.4516,453,679,226,226.0
UNICORN-UNILEVER-091023-1021,144,21.04,614,921,307,921.0
UNICORN-UNILEVER-070224-1001,144,38.3,47,70,23,23.0
UNICORN-UNILEVER-130723-1546,144,29.1819,2,3,1,0.0
UNICORN-UNILEVER-130723-1783,144,52.2681,2,3,1,0.0
UNICORN-UNILEVER-020923-0003,144,62.32,8,12,4,4.0
UNICORN-UNILEVER-130723-1461,144,291.3154,2,3,1,3.0
UNICORN-UNILEVER-130723-1530,144,39.2256,5,7,2,2.0
UNICORN-UNILEVER-130723-1244,144,199.5569,5,7,2,2.0
UNICORN-UNILEVER-130723-1689,144,274.9458,6,9,3,3.0
UNICORN-UNILEVER-130723-1258,144,24.4868,14,21,7,7.0
UNICORN-UNILEVER-130723-1691,144,4.0531,5,7,2,0.0
UNICORN-UNILEVER-270124-3768,144,38.3,67,100,33,33.0
UNICORN-UNILEVER-120224-6263,144,112.85,106,159,53,53.0
UNICORN-UNILEVER-050224-0002,144,74.383,1375,2062,687,687.0
UNICORN-UNILEVER-120224-0021,144,1.6548,773844,1160766,386922,386922.0
UNICORN-UNILEVER-120224-1578,156,49.45,50,75,25,25.0
UNICORN-UNILEVER-130224-3947,156,196.53,96,144,48,48.0
UNICORN-UNILEVER-110124-2225,156,164.52,337,505,168,168.0
UNICORN-UNILEVER-080224-1026,156,8.38,34368,51552,17184,51552.0
UNICORN-UNILEVER-130124-0005,156,219.39,114,171,57,57.0
UNICORN-UNILEVER-120224-6260,156,7.93,1423,2134,711,2134.0
UNICORN-UNILEVER-091023-1020,156,1.62,1189086,1783629,594543,1783629.0
UNICORN-UNILEVER-060124-8900,2379,74.74,31,46,15,15.0
UNICORN-UNILEVER-130723-1763,2379,122.18,4,6,2,2.0
UNICORN-UNILEVER-121223-6403,2379,68.17,33,49,16,49.0
UNICORN-UNILEVER-130723-1448,2379,80.93,2,3,1,1.0
UNICORN-UNILEVER-130723-1677,2379,196.9188,2,3,1,1.0
UNICORN-UNILEVER-130723-1725,2379,77.9799,2,3,1,3.0
UNICORN-UNILEVER-130723-1365,2379,73.3108,4,6,2,2.0
UNICORN-UNILEVER-240723-0001,2379,75.0,3,4,1,1.0
UNICORN-UNILEVER-130723-1639,2379,143.54,2,3,1,1.0
UNICORN-UNILEVER-130124-0013,2379,130.49,2,3,1,1.0
UNICORN-UNILEVER-280124-2558,2379,70.94,21,31,10,10.0
UNICORN-UNILEVER-120923-3357,2379,36.06,21,31,10,10.0
UNICORN-UNILEVER-280124-0020,2379,344.47,21,31,10,10.0
UNICORN-UNILEVER-130723-1529,2379,223.06,1,1,1,1.0
UNICORN-UNILEVER-120224-0021,2720,1.65,649967,974950,324983,974950.0
UNICORN-UNILEVER-120224-6260,2720,7.93,10334,15501,5167,15501.0
UNICORN-UNILEVER-080124-6406,2720,91.22,792,1188,396,396.0
UNICORN-UNILEVER-080224-1025,2720,157.73,472,708,236,708.0
UNICORN-UNILEVER-120923-3357,2720,36.06,6,9,3,3.0
UNICORN-UNILEVER-060124-8892,2720,126.09,68,102,34,34.0
UNICORN-UNILEVER-080124-3335,2720,87.31,56,84,28,84.0
UNICORN-UNILEVER-100224-2640,2720,212.77,1092,1638,546,546.0
UNICORN-UNILEVER-130723-1302,2720,25.65,132,198,66,198.0
UNICORN-UNILEVER-130723-1365,2720,73.31,30,45,15,15.0
UNICORN-UNILEVER-031223-0202,2720,162.47,25,37,12,12.0
UNICORN-UNILEVER-130723-1677,2720,196.92,14,21,7,7.0
UNICORN-UNILEVER-130723-1675,2720,196.92,12,18,6,6.0
UNICORN-UNILEVER-240723-0001,2720,75.0,7,10,3,3.0
UNICORN-UNILEVER-130124-0008,2720,569.76,4,6,2,2.0
UNICORN-UNILEVER-130723-1672,2720,218.75,10,15,5,5.0
UNICORN-UNILEVER-080224-1026,2720,8.38,1931,2896,965,2896.0
UNICORN-UNILEVER-080124-3341,2720,105.91,85,127,42,127.0
UNICORN-UNILEVER-0601-2062,2720,4.04,50,75,25,25.0
UNICORN-UNILEVER-140823-0022,2720,518.85,14,21,7,7.0
UNICORN-UNILEVER-140224-9266,2671,47.68,4256,6384,2128,2128.0
UNICORN-UNILEVER-050224-0002,2671,74.38,1269,1903,634,1903.0
UNICORN-UNILEVER-140224-9267,2671,99.64,192,288,96,96.0
UNICORN-UNILEVER-100224-0004,2671,151.31,831,1246,415,415.0
UNICORN-UNILEVER-130723-1781,2671,2.5307,42,63,21,21.0
UNICORN-UNILEVER-120224-6260,2671,7.93,3360,5040,1680,5040.0
UNICORN-UNILEVER-120224-0021,2671,1.65,715412,1073118,357706,1073118.0
UNICORN-UNILEVER-100224-2640,2671,212.77,737,1105,368,368.0
UNICORN-UNILEVER-171223-1221,2671,62.32,28,42,14,14.0
UNICORN-UNILEVER-0601-2042,2671,8.44,2344,3516,1172,3516.0
UNICORN-UNILEVER-060124-8897,2671,126.39,49,73,24,24.0
UNICORN-UNILEVER-130723-1237,2671,691.7975,5,7,2,2.0
UNICORN-UNILEVER-060124-8901,2671,52.08,288,432,144,432.0
UNICORN-UNILEVER-280723-2002,2671,98.45,2,3,1,1.0
UNICORN-UNILEVER-250723-1126,2671,98.45,3,4,1,1.0
UNICORN-UNILEVER-140823-0022,2671,518.85,9,13,4,4.0
UNICORN-UNILEVER-0601-2002,156,63.369667,11700,17550,5850,17550.0
UNICORN-UNILEVER-060124-0004,156,928.1925,6,9,3,3.0
UNICORN-UNILEVER-080124-0019,156,127.19,168,252,84,84.0
UNICORN-UNILEVER-130723-1243,156,381.38,16,24,8,8.0
UNICORN-UNILEVER-130723-1735,156,154.02,20,30,10,30.0
UNICORN-UNILEVER-0601-2022,156,151.58,1999,2998,999,2998.0
UNICORN-UNILEVER-080224-1025,156,157.73,988,1482,494,1482.0
UNICORN-UNILEVER-130224-3946,156,58.56,2455,3682,1227,1227.0
UNICORN-UNILEVER-170124-7265,156,569.76,6,9,3,3.0
UNICORN-UNILEVER-280124-2564,156,157.73,5540,8310,2770,8310.0
UNICORN-UNILEVER-280124-2559,144,142.2,424,636,212,212.0
UNICORN-UNILEVER-130723-1243,144,381.3771,1,1,1,1.0
UNICORN-UNILEVER-130723-1235,144,354.77,13,19,6,6.0
UNICORN-UNILEVER-250723-9948,144,142.71,2,3,1,1.0
UNICORN-UNILEVER-130723-1386,144,174.8307,7,10,3,3.0
UNICORN-UNILEVER-130723-1394,144,78.9114,6,9,3,3.0
UNICORN-UNILEVER-050723-9931,144,51.1265,2,3,1,0.0
UNICORN-UNILEVER-130723-1540,144,109.7956,1,1,1,1.0
UNICORN-UNILEVER-120923-3361,144,77.1543,7,10,3,3.0
UNICORN-UNILEVER-300723-0002,144,381.5004,5,7,2,2.0
UNICORN-UNILEVER-050723-9925,144,226.7142,1,1,1,1.0
UNICORN-UNILEVER-130723-1818,144,227.6667,4,6,2,2.0
UNICORN-UNILEVER-130723-1310,144,571.7758,1,1,1,1.0
UNICORN-UNILEVER-0601-2022,144,151.58,701,1051,350,1051.0
UNICORN-UNILEVER-130723-1537,144,213.67,8,12,4,4.0
UNICORN-UNILEVER-130723-1442,144,106.2885,5,7,2,2.0
UNICORN-UNILEVER-130723-1325,144,33.215278,3,4,1,0.0
UNICORN-UNILEVER-130723-1808,144,41.9935,9,13,4,4.0
UNICORN-UNILEVER-130723-1819,144,41.519,4,6,2,2.0
UNICORN-UNILEVER-130723-1462,144,173.38,43,64,21,21.0
UNICORN-UNILEVER-080124-0015,144,42.39,92,138,46,138.0
UNICORN-UNILEVER-050723-9924,144,54.86,25,37,12,12.0
UNICORN-UNILEVER-120224-6261,144,113.48,22,33,11,11.0
UNICORN-UNILEVER-0601-2044,144,52.08,1080,1620,540,1620.0
UNICORN-UNILEVER-0601-2012,144,224.92,120,180,60,180.0
UNICORN-UNILEVER-130723-1670,144,329.7004,1,1,1,1.0
UNICORN-UNILEVER-231023-9306,144,295.69,1,1,1,1.0
UNICORN-UNILEVER-091223-5930,144,345.68,8,12,4,4.0
UNICORN-UNILEVER-080224-1026,144,8.38,14071,21106,7035,21106.0
UNICORN-UNILEVER-261223-7517,2671,66.52,72,108,36,108.0
UNICORN-UNILEVER-140224-2749,2671,87.31,198,297,99,297.0
UNICORN-UNILEVER-300124-3659,2671,151.58,6591,9886,3295,9886.0
UNICORN-UNILEVER-231023-9302,2671,8.51,1467,2200,733,733.0
UNICORN-UNILEVER-130723-1518,2671,52.2681,27,40,13,13.0
UNICORN-UNILEVER-280124-2558,2671,70.94,16,24,8,8.0
UNICORN-UNILEVER-140224-9264,2671,141.93,18,27,9,9.0
UNICORN-UNILEVER-120224-6265,2671,82.12,190,285,95,285.0
UNICORN-UNILEVER-140224-9268,2671,8.3,360,540,180,180.0
UNICORN-UNILEVER-220124-6504,2671,132.72,167,250,83,83.0
UNICORN-UNILEVER-0601-2011,2671,21.67,138,207,69,207.0
UNICORN-UNILEVER-14024-2000,2671,130.91,51,76,25,25.0
UNICORN-UNILEVER-130723-1401,2671,156.5385,5,7,2,2.0
UNICORN-UNILEVER-130723-1351,2671,203.0875,6,9,3,3.0
UNICORN-UNILEVER-060124-0004,144,928.19,2,3,1,1.0
UNICORN-UNILEVER-130723-1363,144,3.3215,126,189,63,63.0
UNICORN-UNILEVER-130723-1674,144,1.6608,362,543,181,181.0
UNICORN-UNILEVER-260723-0003,144,3.3018,99,148,49,49.0
UNICORN-UNILEVER-130723-1587,144,2.3856,153,229,76,229.0
UNICORN-UNILEVER-130723-1757,144,1.5846,185,277,92,277.0
UNICORN-UNILEVER-240723-0011,144,2.4484,83,124,41,41.0
UNICORN-UNILEVER-110124-0022,2671,406.54,160,240,80,80.0
UNICORN-UNILEVER-310723-0009,2671,118.9154,6,9,3,3.0
UNICORN-UNILEVER-120224-1581,2671,91.22,970,1455,485,485.0
UNICORN-UNILEVER-120224-1581,2379,91.22,738,1107,369,369.0
UNICORN-UNILEVER-120923-3359,2379,86.99,30,45,15,15.0
UNICORN-UNILEVER-130723-1258,2379,24.4868,2,3,1,0.0
UNICORN-UNILEVER-130723-1254,2379,40.9422,10,15,5,5.0
UNICORN-UNILEVER-130723-1356,2379,203.0875,4,6,2,2.0
UNICORN-UNILEVER-0601-2032,2379,41.37,3096,4644,1548,1548.0
UNICORN-UNILEVER-081123-7034,2379,114.05,15,22,7,22.0
UNICORN-UNILEVER-080224-1022,2720,52.08,2228,3342,1114,3342.0
UNICORN-UNILEVER-14024-2000,156,130.91,720,1080,360,360.0
UNICORN-UNILEVER-220124-5398,156,569.76,3,4,1,1.0
UNICORN-UNILEVER-0601-2060,156,121.46,168,252,84,84.0
UNICORN-UNILEVER-0601-2061,156,121.46,147,220,73,73.0
UNICORN-UNILEVER-140224-2749,156,87.31,479,718,239,718.0
UNICORN-UNILEVER-120224-0020,156,138.15,66,99,33,33.0
UNICORN-UNILEVER-300723-0006,2379,165.1,6,9,3,3.0
UNICORN-UNILEVER-130723-1281,2379,234.5721,22,33,11,11.0
UNICORN-UNILEVER-130723-1468,2379,142.506,3,4,1,1.0
UNICORN-UNILEVER-130723-1265,2379,34.16,6,9,3,3.0
UNICORN-UNILEVER-120224-6260,144,7.93,13396,20094,6698,20094.0
UNICORN-UNILEVER-080224-1023,144,38.3,2,3,1,0.0
UNICORN-UNILEVER-290124-3940,144,303.78,18,27,9,9.0
UNICORN-UNILEVER-0601-2022,2720,151.58,15,22,7,22.0
UNICORN-UNILEVER-130723-1265,2720,34.1642,1,1,1,0.0
UNICORN-UNILEVER-140224-2749,2720,87.31,55,82,27,82.0
UNICORN-UNILEVER-130723-1237,2720,691.7975,8,12,4,4.0
UNICORN-UNILEVER-170124-4088,2720,402.68,5,7,2,2.0
UNICORN-UNILEVER-100224-0002,2720,41.37,1832,2748,916,916.0
UNICORN-UNILEVER-020923-0002,2720,47.85,108,162,54,54.0
UNICORN-UNILEVER-130124-0011,156,78.99,30944,46416,15472,46416.0
UNICORN-UNILEVER-140224-9266,144,47.6772,6113,9169,3056,3056.0
UNICORN-UNILEVER-280124-2561,144,2.44,8877,13315,4438,4438.0
UNICORN-UNILEVER-170224-1010,144,1.36,95497,143245,47748,143245.0
UNICORN-UNILEVER-060124-8889,144,212.91,10,15,5,5.0
UNICORN-UNILEVER-140224-2749,144,87.31,420,630,210,630.0
UNICORN-UNILEVER-120224-6265,144,82.12,587,880,293,880.0
UNICORN-UNILEVER-170224-1011,144,32.98,10336,15504,5168,15504.0
UNICORN-UNILEVER-120923-3359,144,86.99,53,79,26,26.0
UNICORN-UNILEVER-120923-3360,144,86.99,52,78,26,26.0
UNICORN-UNILEVER-130124-0014,144,206.16,67,100,33,33.0
UNICORN-UNILEVER-130723-1438,144,123.2189,5,7,2,2.0
UNICORN-UNILEVER-130723-1287,144,73.9704,5,7,2,2.0
UNICORN-UNILEVER-130723-1351,144,203.0875,8,12,4,4.0
UNICORN-UNILEVER-130723-1415,144,87.625,11,16,5,5.0
UNICORN-UNILEVER-130723-1636,144,230.3713,3,4,1,1.0
UNICORN-UNILEVER-261223-7517,144,66.53,168,252,84,84.0
UNICORN-UNILEVER-130723-1472,144,571.78,3,4,1,1.0
UNICORN-UNILEVER-130723-1542,144,96.0077,3,4,1,1.0
UNICORN-UNILEVER-130723-1581,144,72.9944,3,4,1,0.0
UNICORN-UNILEVER-130723-1684,144,21.7654,1,1,1,0.0
UNICORN-UNILEVER-050723-9930,144,242.2783,1,1,1,1.0
UNICORN-UNILEVER-070823-0010,144,77.6444,2,3,1,3.0
UNICORN-UNILEVER-130723-1401,144,156.5385,17,25,8,8.0
UNICORN-UNILEVER-170124-7265,144,569.76,4,6,2,2.0
UNICORN-UNILEVER-091223-5929,144,162.47,5,7,2,2.0
UNICORN-UNILEVER-130723-1706,144,381.5,2,3,1,1.0
UNICORN-UNILEVER-261223-7518,144,66.53,1,1,1,0.0
UNICORN-UNILEVER-170224-1012,144,7.93,28326,42489,14163,42489.0
UNICORN-UNILEVER-170224-1012,2671,7.93,24165,36247,12082,36247.0
UNICORN-UNILEVER-100224-0003,2671,3.24,27865,41797,13932,41797.0
UNICORN-UNILEVER-0601-2012,2671,224.92,4,6,2,6.0
UNICORN-UNILEVER-170224-1013,2671,48.54,1364,2046,682,2046.0
UNICORN-UNILEVER-060124-8891,2671,83.85,99,148,49,49.0
UNICORN-UNILEVER-231023-9303,2671,72.525,74,111,37,37.0
UNICORN-UNILEVER-231023-9305,2671,127.9731,1,1,1,1.0
UNICORN-UNILEVER-080224-1023,2671,38.3,1,1,1,0.0
UNICORN-UNILEVER-270124-3768,2671,38.3,7,10,3,3.0
UNICORN-UNILEVER-050723-9925,2671,226.7142,5,7,2,2.0
UNICORN-UNILEVER-130723-1675,2671,196.9188,8,12,4,4.0
UNICORN-UNILEVER-280124-2563,2671,380.14,25,37,12,12.0
UNICORN-UNILEVER-300723-0001,2671,3.2543,98,147,49,49.0
UNICORN-UNILEVER-130124-0011,2720,78.993,12,18,6,18.0
UNICORN-UNILEVER-181023-1022,2720,4.107778,12,18,6,18.0
UNICORN-UNILEVER-080124-6391,2720,24.82,3534,5301,1767,5301.0
UNICORN-UNILEVER-170224-1012,2720,7.93,15172,22758,7586,22758.0
UNICORN-UNILEVER-140224-9266,2720,47.68,2031,3046,1015,1015.0
UNICORN-UNILEVER-260723-0003,2379,3.3,207,310,103,103.0
UNICORN-UNILEVER-130723-1245,2379,30.76,106,159,53,53.0
UNICORN-UNILEVER-130723-1455,2379,119.1003,2,3,1,1.0
UNICORN-UNILEVER-130723-1441,2379,131.7536,8,12,4,4.0
UNICORN-UNILEVER-050723-9924,2379,54.862,21,31,10,10.0
UNICORN-UNILEVER-280124-0023,144,13.01,7644,11466,3822,3822.0
UNICORN-UNILEVER-310723-0011,156,168.69,23,34,11,34.0
UNICORN-UNILEVER-300723-0006,156,165.1,77,115,38,38.0
UNICORN-UNILEVER-290124-3941,156,380.14,21,31,10,10.0
UNICORN-UNILEVER-281023-5157,156,108.02,1,1,1,1.0
UNICORN-UNILEVER-190224-7389,144,124.23,636,954,318,954.0
UNICORN-UNILEVER-260723-0002,144,126.84,341,511,170,170.0
UNICORN-UNILEVER-190224-7388,144,199.36,216,324,108,324.0
UNICORN-UNILEVER-011123-7710,2720,62.32,1,1,1,0.0
UNICORN-UNILEVER-281223-7454,2720,142.71,96,144,48,48.0
UNICORN-UNILEVER-081123-7034,2720,114.05,15,22,7,22.0
UNICORN-UNILEVER-130723-1702,2720,191.9363,7,10,3,3.0
UNICORN-UNILEVER-050723-9931,2720,51.13,8,12,4,4.0
UNICORN-UNILEVER-280823-0022,2720,2.4484,558,837,279,279.0
UNICORN-UNILEVER-130723-1624,2720,42.71,55,82,27,27.0
UNICORN-UNILEVER-180224-2776,2720,61.94,88,132,44,44.0
UNICORN-UNILEVER-281223-7454,144,142.7083,96,144,48,48.0
UNICORN-UNILEVER-130723-1290,144,2.4516,360,540,180,180.0
UNICORN-UNILEVER-130723-1794,144,26.0471,8,12,4,12.0
UNICORN-UNILEVER-130723-1634,144,140.5858,11,16,5,5.0
UNICORN-UNILEVER-130723-1469,144,134.3127,1,1,1,1.0
UNICORN-UNILEVER-280124-0023,156,13.01,17601,26401,8800,8800.0
UNICORN-UNILEVER-100224-0003,156,3.24,66751,100126,33375,100126.0
UNICORN-UNILEVER-300124-3659,156,151.58,13331,19996,6665,19996.0
UNICORN-UNILEVER-310723-0008,2379,118.92,4,6,2,2.0
UNICORN-UNILEVER-060124-8897,2379,126.39,4,6,2,2.0
UNICORN-UNILEVER-130723-1819,2379,41.519,1,1,1,0.0
UNICORN-UNILEVER-211023-1221,2379,215.7,4,6,2,6.0
UNICORN-UNILEVER-180224-2776,144,61.94,338,507,169,169.0
UNICORN-UNILEVER-130723-1562,144,345.6754,5,7,2,2.0
UNICORN-UNILEVER-170124-4088,144,402.68,18,27,9,9.0
UNICORN-UNILEVER-060124-8893,144,76.39,96,144,48,48.0
UNICORN-UNILEVER-091023-1022,2720,134.3127,14,21,7,7.0
UNICORN-UNILEVER-211023-1221,2720,215.6958,3,4,1,4.0
UNICORN-UNILEVER-140124-1993,2720,12.55,7068,10602,3534,10602.0
UNICORN-UNILEVER-130723-1495,2720,13.05,72,108,36,36.0
UNICORN-UNILEVER-080124-6393,2720,62.1,81,121,40,40.0
UNICORN-UNILEVER-130723-1811,2720,142.43,3,4,1,1.0
UNICORN-UNILEVER-130723-1399,2720,113.8808,8,12,4,4.0
UNICORN-UNILEVER-210823-1983,2720,16.7405,21,31,10,10.0
UNICORN-UNILEVER-011023-5231,2720,234.5721,1,1,1,1.0
UNICORN-UNILEVER-130723-1632,2720,117.5372,14,21,7,7.0
UNICORN-UNILEVER-180224-2775,2720,172.78,22,33,11,11.0
UNICORN-UNILEVER-150124-9328,2720,34.0,3,4,1,0.0
UNICORN-UNILEVER-150124-3330,2671,583.15,4,6,2,2.0
UNICORN-UNILEVER-130124-0015,2671,371.19,292,438,146,146.0
UNICORN-UNILEVER-130723-1731,2671,13.0596,1156,1734,578,578.0
UNICORN-UNILEVER-170224-1011,2671,32.98,681,1021,340,1021.0
UNICORN-UNILEVER-040224-1022,2671,62.11,159,238,79,79.0
UNICORN-UNILEVER-260723-0002,2671,126.84,60,90,30,30.0
UNICORN-UNILEVER-14024-1988,2671,91.22,569,853,284,284.0
UNICORN-UNILEVER-170224-1016,2671,2.76,6048,9072,3024,9072.0
UNICORN-UNILEVER-0601-2058,2671,161.9,46,69,23,23.0
UNICORN-UNILEVER-190224-7928,2671,215.92,29,43,14,43.0
UNICORN-UNILEVER-050723-9932,2671,86.1223,14,21,7,7.0
UNICORN-UNILEVER-210823-1983,2671,16.7405,6,9,3,3.0
UNICORN-UNILEVER-120823-0003,2720,12.8116,9,13,4,4.0
UNICORN-UNILEVER-130723-1394,2720,78.9114,30,45,15,15.0
UNICORN-UNILEVER-130723-1384,2720,77.6443,2,3,1,3.0
UNICORN-UNILEVER-130723-1735,2720,154.0173,3,4,1,4.0
UNICORN-UNILEVER-111023-1244,2720,114.9867,1,1,1,1.0
UNICORN-UNILEVER-070823-0002,2720,72.994375,11,16,5,5.0
UNICORN-UNILEVER-130723-1315,2720,40.6886,12,18,6,6.0
UNICORN-UNILEVER-130723-1504,2379,304.87,6,9,3,3.0
UNICORN-UNILEVER-0601-2052,2379,80.65,42,63,21,21.0
UNICORN-UNILEVER-130723-1446,2379,138.634,7,10,3,3.0
UNICORN-UNILEVER-140224-9268,2379,8.3,3041,4561,1520,1520.0
UNICORN-UNILEVER-130723-1731,2379,13.06,1271,1906,635,635.0
UNICORN-UNILEVER-140224-9266,2379,47.68,2505,3757,1252,1252.0
UNICORN-UNILEVER-170224-1012,2379,7.93,4776,7164,2388,7164.0
UNICORN-UNILEVER-130723-1858,144,133.2958,6,9,3,3.0
UNICORN-UNILEVER-130723-1444,144,64.5325,2,3,1,0.0
UNICORN-UNILEVER-130723-1696,144,191.9363,1,1,1,1.0
UNICORN-UNILEVER-130723-1586,144,411.04,13,19,6,6.0
UNICORN-UNILEVER-080224-1024,144,99.64,242,363,121,121.0
UNICORN-UNILEVER-170124-4087,144,452.5,6,9,3,3.0
UNICORN-UNILEVER-150224-2265,144,82.12,152,228,76,228.0
UNICORN-UNILEVER-091223-5931,156,1.66,9075,13612,4537,4537.0
UNICORN-UNILEVER-141023-1022,156,64.53,25,37,12,12.0
UNICORN-UNILEVER-270923-1022,2671,49.63,26,39,13,13.0
UNICORN-UNILEVER-120224-1580,2671,98.11,4,6,2,2.0
UNICORN-UNILEVER-130723-1492,2379,404.12,3,4,1,1.0
UNICORN-UNILEVER-080124-0012,2379,217.97,19,28,9,9.0
UNICORN-UNILEVER-130723-1703,2379,381.5,26,39,13,13.0
UNICORN-UNILEVER-270923-1022,2379,49.63,26,39,13,13.0
UNICORN-UNILEVER-0601-2064,2379,3.24,1008,1512,504,1512.0
UNICORN-UNILEVER-281123-1003,2379,41.99,105,157,52,52.0
UNICORN-UNILEVER-231123-1090,2379,91.54,15,22,7,7.0
UNICORN-UNILEVER-080224-1021,2379,8.44,5410,8115,2705,8115.0
UNICORN-UNILEVER-130723-1833,2720,2.4092,19,28,9,9.0
UNICORN-UNILEVER-080124-0009,2720,3.24,5040,7560,2520,7560.0
UNICORN-UNILEVER-130723-1544,2720,445.3217,1,1,1,1.0
UNICORN-UNILEVER-311023-8133,2720,24.9115,6,9,3,3.0
UNICORN-UNILEVER-130723-1351,2720,203.0875,2,3,1,1.0
UNICORN-UNILEVER-031023-1009,2720,118.806042,2,3,1,1.0
UNICORN-UNILEVER-130723-1254,2720,40.9422,11,16,5,5.0
UNICORN-UNILEVER-130723-1432,144,713.5392,1,1,1,1.0
UNICORN-UNILEVER-130723-1441,144,131.7536,2,3,1,1.0
UNICORN-UNILEVER-200923-0018,144,288.5,2,3,1,1.0
UNICORN-UNILEVER-080124-0009,2379,3.24,3271,4906,1635,4906.0
UNICORN-UNILEVER-130723-1397,2379,220.1696,1,1,1,1.0
UNICORN-UNILEVER-130723-1514,2379,62.3183,3,4,1,0.0
UNICORN-UNILEVER-130723-1775,2379,4.0531,223,334,111,111.0
UNICORN-UNILEVER-130723-1815,2379,58.7675,4,6,2,2.0
UNICORN-UNILEVER-231023-9305,2379,127.97,2,3,1,3.0
UNICORN-UNILEVER-100224-0005,2379,269.52,403,604,201,201.0
UNICORN-UNILEVER-120224-6263,2379,112.85,177,265,88,88.0
UNICORN-UNILEVER-170224-1014,2379,48.54,7586,11379,3793,11379.0
UNICORN-UNILEVER-091223-5933,2720,130.3,10,15,5,5.0
UNICORN-UNILEVER-070823-0009,2720,8.54,30,45,15,15.0
UNICORN-UNILEVER-160823-1244,2720,78.7675,9,13,4,4.0
UNICORN-UNILEVER-211023-0024,2720,135.6229,3,4,1,1.0
UNICORN-UNILEVER-240723-0011,2720,2.4484,130,195,65,65.0
UNICORN-UNILEVER-130723-1705,2720,191.94,15,22,7,7.0
UNICORN-UNILEVER-130723-1683,2720,329.78,8,12,4,4.0
UNICORN-UNILEVER-070823-1203,2720,3.1649,123,184,61,61.0
UNICORN-UNILEVER-031023-1010,2720,284.701875,2,3,1,1.0
UNICORN-UNILEVER-130723-1810,2720,91.5396,2,3,1,1.0
UNICORN-UNILEVER-130723-1694,2720,381.5,8,12,4,4.0
UNICORN-UNILEVER-280124-2563,2720,380.14,12,18,6,6.0
UNICORN-UNILEVER-130723-1821,2720,16.6076,12,18,6,6.0
UNICORN-UNILEVER-130723-1467,2720,99.0256,2,3,1,1.0
UNICORN-UNILEVER-260823-0003,2720,74.6472,4,6,2,2.0
UNICORN-UNILEVER-050723-9932,2720,86.1223,1,1,1,1.0
UNICORN-UNILEVER-140224-9266,156,47.68,9964,14946,4982,4982.0
UNICORN-UNILEVER-180224-2776,156,61.94,432,648,216,216.0
UNICORN-UNILEVER-270923-1021,2671,108.02,8,12,4,4.0
UNICORN-UNILEVER-281023-5157,2671,108.02,12,18,6,6.0
UNICORN-UNILEVER-281023-5158,2671,108.02,7,10,3,3.0
UNICORN-UNILEVER-070823-0004,2671,284.7019,3,4,1,1.0
UNICORN-UNILEVER-310823-8758,2671,131.7536,405,607,202,202.0
UNICORN-UNILEVER-211023-0026,2671,106.763,3,4,1,1.0
UNICORN-UNILEVER-14024-1988,144,91.2154,1473,2209,736,736.0
UNICORN-UNILEVER-170224-1016,2379,2.76,5623,8434,2811,8434.0
UNICORN-UNILEVER-120224-1579,2379,98.11,5,7,2,2.0
UNICORN-UNILEVER-0601-2004,2379,119.83,66,99,33,99.0
UNICORN-UNILEVER-250923-1994,2720,226.7142,2,3,1,1.0
UNICORN-UNILEVER-280124-2562,2720,380.14,2,3,1,1.0
UNICORN-UNILEVER-300923-0033,2720,59.0859,32,48,16,16.0
UNICORN-UNILEVER-170224-1009,2720,2.01,30089,45133,15044,45133.0
UNICORN-UNILEVER-0601-2032,144,41.37,2220,3330,1110,1110.0
UNICORN-UNILEVER-240224-6608,144,132.83,468,702,234,234.0
UNICORN-UNILEVER-130723-1557,144,59.3129,4,6,2,2.0
UNICORN-UNILEVER-130723-1431,144,124.9525,4,6,2,2.0
UNICORN-UNILEVER-130723-1772,144,154.0173,17,25,8,25.0
UNICORN-UNILEVER-130723-1565,144,198.6983,5,7,2,2.0
UNICORN-UNILEVER-130124-0013,144,130.49,7,10,3,3.0
UNICORN-UNILEVER-130723-1343,2671,62.32,24,36,12,12.0
UNICORN-UNILEVER-170224-1014,2671,48.54,1440,2160,720,2160.0
UNICORN-UNILEVER-130723-1732,2671,119.0203,2,3,1,3.0
UNICORN-UNILEVER-040224-1021,2671,62.11,48,72,24,24.0
UNICORN-UNILEVER-130723-1347,2671,62.3183,3,4,1,0.0
UNICORN-UNILEVER-130723-1597,2379,38.43,4,6,2,2.0
UNICORN-UNILEVER-130723-1293,2379,38.43,4,6,2,2.0
UNICORN-UNILEVER-170224-1015,2379,48.54,447,670,223,670.0
UNICORN-UNILEVER-080124-3335,2379,87.31,11,16,5,16.0
UNICORN-UNILEVER-261223-7517,2379,66.52,6,9,3,9.0
UNICORN-UNILEVER-040224-1022,2379,62.11,47,70,23,23.0
UNICORN-UNILEVER-280124-2559,2379,142.2,111,166,55,55.0
UNICORN-UNILEVER-170124-0864,144,4.24,111775,167662,55887,167662.0
UNICORN-UNILEVER-170224-1009,144,2.3105,74730,112095,37365,112095.0
UNICORN-UNILEVER-170224-1014,2720,48.54,1909,2863,954,2863.0
UNICORN-UNILEVER-130723-1475,2720,52.27,99,148,49,49.0
UNICORN-UNILEVER-120224-6265,2720,82.12,177,265,88,265.0
UNICORN-UNILEVER-140224-9268,2720,8.3,1092,1638,546,546.0
UNICORN-UNILEVER-130723-1336,2720,3.2559,587,880,293,293.0
UNICORN-UNILEVER-130723-1374,144,91.5396,7,10,3,3.0
UNICORN-UNILEVER-190224-7387,2671,24.7,8208,12312,4104,12312.0
UNICORN-UNILEVER-170124-0864,2671,4.24,9491,14236,4745,14236.0
UNICORN-UNILEVER-240224-4622,2671,4.04,19045,28567,9522,9522.0
UNICORN-UNILEVER-190224-7927,2671,130.91,59,88,29,29.0
UNICORN-UNILEVER-0601-2031,2671,103.55,1,1,1,1.0
UNICORN-UNILEVER-120224-1579,2671,98.11,6,9,3,3.0
UNICORN-UNILEVER-280723-2000,2671,213.5269,1,1,1,1.0
UNICORN-UNILEVER-180224-2776,2671,61.94,138,207,69,69.0
UNICORN-UNILEVER-130723-1467,2671,99.0256,7,10,3,3.0
UNICORN-UNILEVER-170224-1012,156,7.93,79456,119184,39728,119184.0
UNICORN-UNILEVER-170224-1016,156,3.18,6222,9333,3111,9333.0
UNICORN-UNILEVER-270923-1022,2720,49.63,13,19,6,6.0
UNICORN-UNILEVER-200224-3791,2720,331.93,20,30,10,10.0
UNICORN-UNILEVER-060224-4725,2720,16.39,700,1050,350,350.0
UNICORN-UNILEVER-130723-1693,2720,220.17,1,1,1,1.0
UNICORN-UNILEVER-250723-0702,2720,220.17,1,1,1,1.0
UNICORN-UNILEVER-140224-2750,2720,156.73,1,1,1,1.0
UNICORN-UNILEVER-130723-1689,2379,274.95,8,12,4,4.0
UNICORN-UNILEVER-200923-0018,2379,288.5,1,1,1,1.0
UNICORN-UNILEVER-170224-1013,2379,48.54,913,1369,456,1369.0
UNICORN-UNILEVER-0601-2006,2379,34.0,165,247,82,82.0
UNICORN-UNILEVER-200124-3076,144,583.15,3,4,1,1.0
UNICORN-UNILEVER-190224-7926,2671,42.56,64,96,32,32.0
UNICORN-UNILEVER-170224-1009,2671,2.01,66410,99615,33205,99615.0
UNICORN-UNILEVER-080124-6396,2671,62.1,69,103,34,34.0
UNICORN-UNILEVER-260823-0005,2671,47.85,171,256,85,85.0
UNICORN-UNILEVER-080124-6390,2671,288.43,48,72,24,24.0
UNICORN-UNILEVER-050723-9931,2671,51.1265,11,16,5,5.0
UNICORN-UNILEVER-130723-1385,2671,33.22,288,432,144,432.0
UNICORN-UNILEVER-120823-0003,2671,12.81,896,1344,448,448.0
UNICORN-UNILEVER-130723-1751,2671,37.75,192,288,96,288.0
UNICORN-UNILEVER-130723-1742,2671,37.75,330,495,165,495.0
UNICORN-UNILEVER-240723-0007,2671,57.6,144,216,72,216.0
UNICORN-UNILEVER-130723-1342,2671,41.88,288,432,144,432.0
UNICORN-UNILEVER-130723-1519,2671,41.88,314,471,157,471.0
UNICORN-UNILEVER-121123-1000,2671,41.81,216,324,108,324.0
UNICORN-UNILEVER-260723-0003,2671,3.3,864,1296,432,432.0
UNICORN-UNILEVER-091223-0032,2671,68.18,24,36,12,36.0
UNICORN-UNILEVER-031223-0202,2671,162.47,12,18,6,6.0
UNICORN-UNILEVER-240723-0002,2671,3.25,1008,1512,504,504.0
UNICORN-UNILEVER-240723-0011,2671,2.45,4248,6372,2124,2124.0
UNICORN-UNILEVER-130723-1701,2671,333.1,12,18,6,6.0
UNICORN-UNILEVER-011123-7711,2671,191.94,1,1,1,1.0
UNICORN-UNILEVER-121223-6404,2671,150.08,23,34,11,11.0
UNICORN-UNILEVER-121223-6405,2671,150.08,24,36,12,12.0
UNICORN-UNILEVER-211123-2746,2671,333.1,6,9,3,3.0
UNICORN-UNILEVER-121223-3855,2671,4.05,2880,4320,1440,1440.0
UNICORN-UNILEVER-271123-2700,2671,124.95,36,54,18,18.0
UNICORN-UNILEVER-130723-1315,2671,40.69,144,216,72,216.0
UNICORN-UNILEVER-081123-7034,2671,114.05,24,36,12,36.0
UNICORN-UNILEVER-091023-1020,2671,1.62,529,793,264,793.0
UNICORN-UNILEVER-130923-1214,2671,1.5846,288,432,144,432.0
UNICORN-UNILEVER-130723-1523,2671,39.23,9,13,4,4.0
UNICORN-UNILEVER-14024-1988,156,91.2154,3255,4882,1627,1627.0
UNICORN-UNILEVER-060224-4725,156,16.39,909,1363,454,454.0
UNICORN-UNILEVER-080124-6395,156,107.63,65,97,32,32.0
UNICORN-UNILEVER-080124-6391,156,24.82,1715,2572,857,2572.0
UNICORN-UNILEVER-120224-6265,156,82.12,1125,1687,562,1687.0
UNICORN-UNILEVER-220124-6504,2720,132.72,39,58,19,19.0
UNICORN-UNILEVER-130124-0006,2379,328.61,3,4,1,1.0
UNICORN-UNILEVER-130723-1351,2379,203.0875,1,1,1,1.0
UNICORN-UNILEVER-130723-1705,2379,191.9363,2,3,1,1.0
UNICORN-UNILEVER-130723-1560,2379,86.1223,5,7,2,2.0
UNICORN-UNILEVER-130723-1670,2379,329.7004,2,3,1,1.0
UNICORN-UNILEVER-130723-1579,2379,138.63,12,18,6,6.0
UNICORN-UNILEVER-190923-1213,2379,55.71,36,54,18,18.0
UNICORN-UNILEVER-130723-1858,2671,133.2958,4,6,2,2.0
UNICORN-UNILEVER-130723-1808,2671,41.99,36,54,18,18.0
UNICORN-UNILEVER-120923-3360,2671,86.99,64,96,32,32.0
UNICORN-UNILEVER-120224-6263,2671,112.85,24,36,12,12.0
UNICORN-UNILEVER-220224-3773,2671,141.85,12,18,6,6.0
UNICORN-UNILEVER-040224-1020,144,62.11,62,93,31,31.0
UNICORN-UNILEVER-130723-1465,144,713.5392,2,3,1,1.0
UNICORN-UNILEVER-060124-8896,144,141.85,17,25,8,8.0
UNICORN-UNILEVER-080124-6405,144,124.52,74,111,37,37.0
UNICORN-UNILEVER-0601-2058,144,161.9,67,100,33,33.0
UNICORN-UNILEVER-250723-9946,144,43.58,24,36,12,12.0
UNICORN-UNILEVER-170224-1014,156,48.54,1480,2220,740,2220.0
UNICORN-UNILEVER-180124-3879,156,443.74,6,9,3,3.0
UNICORN-UNILEVER-170224-1009,156,2.31,51280,76920,25640,76920.0
UNICORN-UNILEVER-271123-5332,2720,75.8651,7,10,3,3.0
UNICORN-UNILEVER-231023-9302,2720,8.5083,1,1,1,0.0
UNICORN-UNILEVER-130723-1385,2720,33.2226,1,1,1,1.0
UNICORN-UNILEVER-130723-1258,2720,24.4868,1,1,1,0.0
UNICORN-UNILEVER-310823-8758,2720,131.7536,2,3,1,1.0
UNICORN-UNILEVER-130723-1697,2720,41.62,6,9,3,3.0
UNICORN-UNILEVER-130723-1545,2379,404.12,3,4,1,1.0
UNICORN-UNILEVER-250723-0702,2379,220.17,2,3,1,1.0
UNICORN-UNILEVER-130723-1693,2379,220.17,1,1,1,1.0
UNICORN-UNILEVER-081123-7033,2379,138.25,1,1,1,1.0
UNICORN-UNILEVER-130723-1800,2379,81.14,2,3,1,1.0
UNICORN-UNILEVER-130723-1326,2379,118.5167,2,3,1,1.0
UNICORN-UNILEVER-130723-1408,2379,203.0875,1,1,1,1.0
UNICORN-UNILEVER-130723-1474,2379,206.8833,6,9,3,3.0
UNICORN-UNILEVER-280124-2562,2379,380.14,13,19,6,6.0
UNICORN-UNILEVER-270224-8349,2379,125.59,30,45,15,45.0
UNICORN-UNILEVER-120224-0021,2379,1.65,209324,313986,104662,313986.0
UNICORN-UNILEVER-130723-1708,2379,345.68,3,4,1,1.0
UNICORN-UNILEVER-240224-1021,2671,3.18,5016,7524,2508,7524.0
UNICORN-UNILEVER-130723-1475,2671,52.27,9,13,4,4.0
UNICORN-UNILEVER-190224-7926,144,42.56,48,72,24,24.0
UNICORN-UNILEVER-170224-1013,144,48.54,220,330,110,330.0
UNICORN-UNILEVER-170224-1015,144,48.54,75,112,37,112.0
UNICORN-UNILEVER-170224-1014,144,48.54,360,540,180,540.0
UNICORN-UNILEVER-130723-1660,144,1.581,72,108,36,108.0
UNICORN-UNILEVER-080124-6405,2379,124.52,51,76,25,25.0
UNICORN-UNILEVER-130124-0011,2379,78.99,540,810,270,810.0
UNICORN-UNILEVER-130723-1454,2379,345.6754,4,6,2,2.0
UNICORN-UNILEVER-130723-1542,2379,96.0077,1,1,1,1.0
UNICORN-UNILEVER-130723-1851,2379,381.5004,3,4,1,1.0
UNICORN-UNILEVER-130723-1401,2720,156.54,2,3,1,1.0
UNICORN-UNILEVER-120224-1581,2720,91.22,267,400,133,133.0
UNICORN-UNILEVER-270224-2312,2720,125.725,27,40,13,40.0
UNICORN-UNILEVER-0601-2035,2720,55.52,24,36,12,12.0
UNICORN-UNILEVER-261023-1979,2720,157.855833,2,3,1,3.0
UNICORN-UNILEVER-130723-1442,2720,106.2885,2,3,1,1.0
UNICORN-UNILEVER-130723-1695,2720,487.8083,4,6,2,2.0
UNICORN-UNILEVER-240224-4622,156,4.0389,31200,46800,15600,15600.0
UNICORN-UNILEVER-070224-1001,156,38.3,1800,2700,900,900.0
UNICORN-UNILEVER-270124-3768,156,38.3,1800,2700,900,900.0
UNICORN-UNILEVER-200224-3790,156,331.93,192,288,96,96.0
UNICORN-UNILEVER-130723-1697,156,41.62,10,15,5,5.0
UNICORN-UNILEVER-200224-3791,156,331.93,88,132,44,44.0
UNICORN-UNILEVER-120224-1580,156,98.11,144,216,72,72.0
UNICORN-UNILEVER-080124-6393,156,62.1,240,360,120,120.0
UNICORN-UNILEVER-260723-0002,156,126.84,538,807,269,269.0
UNICORN-UNILEVER-080224-1027,156,258.16,5,7,2,2.0
UNICORN-UNILEVER-250224-2589,156,120.73,34,51,17,17.0
UNICORN-UNILEVER-080124-6394,156,107.63,137,205,68,68.0
UNICORN-UNILEVER-200224-3789,156,52.09,504,756,252,252.0
UNICORN-UNILEVER-280124-0020,156,344.47,94,141,47,47.0
UNICORN-UNILEVER-130723-1677,144,196.9188,5,7,2,2.0
UNICORN-UNILEVER-280124-2564,144,151.5787,1,1,1,1.0
UNICORN-UNILEVER-130723-1599,144,61.01,6,9,3,3.0
UNICORN-UNILEVER-130723-1692,144,220.1696,2,3,1,1.0
UNICORN-UNILEVER-14024-2000,144,130.906667,1,1,1,1.0
UNICORN-UNILEVER-130723-1468,144,142.506,2,3,1,1.0
UNICORN-UNILEVER-130723-1378,144,84.38,3,4,1,1.0
UNICORN-UNILEVER-130723-1672,144,218.7463,2,3,1,1.0
UNICORN-UNILEVER-190224-7388,2671,199.36,1220,1830,610,1830.0
UNICORN-UNILEVER-080124-0011,2671,41.51,137,205,68,68.0
UNICORN-UNILEVER-031023-1005,2671,51.33,3,4,1,4.0
UNICORN-UNILEVER-130723-1400,144,212.5771,1,1,1,1.0
UNICORN-UNILEVER-130723-1454,144,345.6754,11,16,5,5.0
UNICORN-UNILEVER-130723-1336,144,3.26,72,108,36,36.0
UNICORN-UNILEVER-190224-7388,156,199.36,792,1188,396,1188.0
UNICORN-UNILEVER-220224-3025,156,12.42,7200,10800,3600,10800.0
UNICORN-UNILEVER-200224-3788,156,12.42,4320,6480,2160,6480.0
UNICORN-UNILEVER-281223-7453,156,148.36,17,25,8,8.0
UNICORN-UNILEVER-300923-0990,156,59.09,4,6,2,2.0
UNICORN-UNILEVER-240224-4622,2720,4.0389,9085,13627,4542,4542.0
UNICORN-UNILEVER-111223-6743,156,203.43,84,126,42,126.0
UNICORN-UNILEVER-170224-1013,156,48.54,515,772,257,772.0
UNICORN-UNILEVER-280224-2024,2671,8.13,493,739,246,739.0
UNICORN-UNILEVER-280224-7455,2671,8.13,674,1011,337,1011.0
UNICORN-UNILEVER-130723-1719,2671,76.66,8,12,4,4.0
UNICORN-UNILEVER-261023-1979,2671,157.86,2,3,1,3.0
UNICORN-UNILEVER-170124-4086,2671,161.9,5,7,2,2.0
UNICORN-UNILEVER-230124-0647,2671,331.92,24,36,12,12.0
UNICORN-UNILEVER-170224-1009,2379,2.01,8434,12651,4217,12651.0
UNICORN-UNILEVER-060124-8889,2379,212.91,1,1,1,1.0
UNICORN-UNILEVER-130723-1268,2379,21.75,14,21,7,7.0
UNICORN-UNILEVER-100224-0003,144,3.24,125682,188523,62841,188523.0
UNICORN-UNILEVER-190224-7387,144,24.6998,11171,16756,5585,16756.0
UNICORN-UNILEVER-130723-1560,144,86.1223,2,3,1,1.0
UNICORN-UNILEVER-250723-1126,144,98.45,1,1,1,1.0
UNICORN-UNILEVER-281123-1003,2671,41.99,25,37,12,12.0
UNICORN-UNILEVER-130723-1810,2671,91.54,6,9,3,3.0
UNICORN-UNILEVER-031023-1002,2671,76.43,15,22,7,7.0
UNICORN-UNILEVER-261023-1003,2671,206.88,3,4,1,1.0
UNICORN-UNILEVER-130723-1516,2671,41.88,34,51,17,51.0
UNICORN-UNILIEVER-180923-0101,2671,43.58,33,49,16,16.0
UNICORN-UNILEVER-130723-1522,2671,60.0,21,31,10,10.0
UNICORN-UNILEVER-130723-1524,2671,60.0,9,13,4,4.0
UNICORN-UNILEVER-230923-3493,2671,55.71,6,9,3,3.0
UNICORN-UNILEVER-130723-1495,2671,13.05,181,271,90,90.0
UNICORN-UNILEVER-211023-1224,2671,194.29,17,25,8,25.0
UNICORN-UNILEVER-301023-0101,2671,75.87,55,82,27,82.0
UNICORN-UNILEVER-300923-1003,2671,34.12,18,27,9,9.0
UNICORN-UNILEVER-130723-1553,2671,25.26,48,72,24,72.0
UNICORN-UNILEVER-270224-2313,2720,82.42,73,109,36,109.0
UNICORN-UNILEVER-280124-1456,2720,3.24,17416,26124,8708,26124.0
UNICORN-UNILEVER-0601-2021,2720,2.52,1232,1848,616,1848.0
UNICORN-UNILEVER-130124-0017,2720,517.02,7,10,3,3.0
UNICORN-UNILEVER-280124-2563,2379,380.14,3,4,1,1.0
UNICORN-UNILEVER-130124-0015,2379,371.19,17,25,8,8.0
UNICORN-UNILEVER-0601-2046,2379,43.43,833,1249,416,416.0
UNICORN-UNILEVER-130723-1661,2379,191.9363,1,1,1,1.0
UNICORN-UNILEVER-130723-1316,2379,79.6406,13,19,6,6.0
UNICORN-UNILEVER-060124-8896,2379,141.85,15,22,7,7.0
UNICORN-UNILEVER-130723-1299,144,79.2421,4,6,2,2.0
UNICORN-UNILEVER-130723-1705,144,191.9363,1,1,1,1.0
UNICORN-UNILEVER-250723-9949,144,87.63,1,1,1,1.0
UNICORN-UNILEVER-140224-9268,156,8.3,6595,9892,3297,3297.0
UNICORN-UNILEVER-040224-1020,2671,62.11,24,36,12,12.0
UNICORN-UNILEVER-060124-0003,2671,118.68,13,19,6,6.0
UNICORN-UNILEVER-111223-6743,144,203.43,36,54,18,54.0
UNICORN-UNILEVER-130723-1762,144,36.2204,10,15,5,5.0
UNICORN-UNILEVER-0601-2033,144,74.86,31,46,15,46.0
UNICORN-UNILEVER-170224-1010,2379,1.56,1126,1689,563,1689.0
UNICORN-UNILEVER-240224-4622,2379,4.04,3471,5206,1735,1735.0
UNICORN-UNILEVER-080224-1026,2379,8.38,362,543,181,543.0
UNICORN-UNILEVER-300823-1094,2379,333.1,2,3,1,1.0
UNICORN-UNILEVER-300923-1003,2379,34.12,1,1,1,0.0
UNICORN-UNILEVER-170224-1011,156,32.9783,13848,20772,6924,20772.0
UNICORN-UNILEVER-240224-1020,156,251.73,480,720,240,720.0
UNICORN-UNILEVER-261023-1002,156,16222.0,2,3,1,3.0
UNICORN-UNILEVER-010124-7250,2671,124.52,497,745,248,248.0
UNICORN-UNILEVER-100224-0005,2671,269.52,170,255,85,85.0
UNICORN-UNILEVER-130224-3947,2671,196.53,12,18,6,6.0
UNICORN-UNILIVER-250923-7965,2720,3.1664,36,54,18,54.0
UNICORN-UNILEVER-230124-0647,2720,331.92,15,22,7,7.0
UNICORN-UNILEVER-130723-1455,144,119.1003,1,1,1,1.0
UNICORN-UNILEVER-080124-0019,144,127.19,48,72,24,24.0
UNICORN-UNILEVER-130723-1474,144,206.8833,1,1,1,1.0
UNICORN-UNILEVER-130723-1673,144,4.1078,232,348,116,348.0
UNICORN-UNILEVER-080124-6396,144,62.1,167,250,83,83.0
UNICORN-UNILEVER-130224-3946,2671,58.56,96,144,48,48.0
UNICORN-UNILEVER-130723-9933,2671,54.06,39,58,19,58.0
UNICORN-UNILEVER-130723-1654,144,145.91,3,4,1,1.0
UNICORN-UNILEVER-100224-0002,144,41.37,1720,2580,860,860.0
UNICORN-UNILEVER-271123-5332,144,75.8651,25,37,12,37.0
UNICORN-UNILEVER-130723-1709,144,333.1013,9,13,4,4.0
UNICORN-UNILEVER-130723-1298,144,280.4313,1,1,1,1.0
UNICORN-UNILEVER-280124-1456,2379,3.24,394,591,197,591.0
UNICORN-UNILEVER-280124-2561,2379,2.44,11,16,5,0.0
UNICORN-UNILEVER-240723-0002,2720,3.25,3,4,1,0.0
UNICORN-UNILEVER-0601-2023,156,78.99,10521,15781,5260,15781.0
UNICORN-UNILEVER-310823-8758,144,131.7536,1,1,1,1.0
UNICORN-UNILEVER-280723-2000,144,213.53,8,12,4,4.0
UNICORN-UNILEVER-220224-3773,156,141.85,216,324,108,108.0
UNICORN-UNILEVER-020324-1003,156,287.48,36,54,18,18.0
UNICORN-UNILEVER-180224-2775,156,172.78,26,39,13,13.0
UNICORN-UNILEVER-170224-1011,2720,32.9783,888,1332,444,1332.0
UNICORN-UNILEVER-190224-7387,2720,24.6998,1015,1522,507,1522.0
UNICORN-UNILEVER-030224-6283,2379,61.44,251,376,125,376.0
UNICORN-UNILEVER-100224-0002,2379,41.37,961,1441,480,480.0
UNICORN-UNILEVER-140224-2749,2379,87.31,23,34,11,34.0
UNICORN-UNILEVER-170224-1011,2379,32.98,108,162,54,162.0
UNICORN-UNILEVER-270224-8350,2379,131.28,360,540,180,180.0
UNICORN-UNILEVER-270224-8350,144,131.28,1224,1836,612,612.0
UNICORN-UNILEVER-130723-1543,144,445.3217,2,3,1,1.0
UNICORN-UNILEVER-130723-1799,144,124.9525,1,1,1,1.0
UNICORN-UNILEVER-030224-7186,2720,41.846944,2218,3327,1109,1109.0
UNICORN-UNILEVER-120224-1579,144,98.11,3,4,1,1.0
UNICORN-UNILEVER-211023-1221,144,215.7,1,1,1,1.0
UNICORN-UNILEVER-270224-8350,156,131.284028,6,9,3,3.0
UNICORN-UNILEVER-020324-1004,156,47.68,5735,8602,2867,2867.0
UNICORN-UNILEVER-280124-2559,156,142.2,278,417,139,139.0
UNICORN-UNILEVER-091223-5933,156,130.3,2,3,1,1.0
UNICORN-UNILEVER-190224-7389,156,124.23,72,108,36,108.0
UNICORN-UNILEVER-240224-4622,144,4.04,7200,10800,3600,3600.0
UNICORN-UNILEVER-190224-7928,144,215.92,30,45,15,45.0
UNICORN-UNILEVER-020324-1005,2379,131.28,79,118,39,118.0
UNICORN-UNILEVER-111223-6743,2379,203.43,16,24,8,24.0
UNICORN-UNILEVER-140124-1993,2379,12.55,459,688,229,688.0
UNICORN-UNILEVER-14024-2000,2379,130.91,4,6,2,2.0
UNICORN-UNILEVER-130224-3946,2720,58.56,43,64,21,21.0
UNICORN-UNILEVER-060324-8179,2720,8.48,2472,3708,1236,3708.0
UNICORN-UNILEVER-060324-4926,2720,302.26,48,72,24,72.0
UNICORN-UNILEVER-141023-1022,2720,64.53,3,4,1,0.0
UNICORN-UNILEVER-100124-1225,2720,85.82,364,546,182,182.0
UNICORN-UNILEVER-020324-1005,2720,131.28,948,1422,474,1422.0
UNICORN-UNILEVER-0601-2057,2671,161.9,21,31,10,10.0
UNICORN-UNILEVER-270224-8350,2671,131.28,838,1257,419,1257.0
UNICORN-UNILEVER-0601-2029,2671,142.2,88,132,44,44.0
UNICORN-UNILEVER-060324-8179,2671,8.48,4980,7470,2490,7470.0
UNICORN-UNILEVER-030224-6283,2671,61.44,898,1347,449,1347.0
UNICORN-UNILEVER-030224-9115,2671,75.85,6582,9873,3291,9873.0
UNICORN-UNILEVER-060324-4926,2671,302.26,86,129,43,129.0
UNICORN-UNILEVER-020324-1005,2671,131.28,144,216,72,216.0
UNICORN-UNILEVER-0601-2060,2671,121.46,2,3,1,1.0
UNICORN-UNILEVER-280124-2559,2720,142.2,65,97,32,32.0
UNICORN-UNILEVER-020324-1004,2720,47.68,968,1452,484,484.0
UNICORN-UNILEVER-261223-7517,2720,66.525,1,1,1,0.0
UNICORN-UNILEVER-130723-1553,2720,25.26,19,28,9,28.0
UNICORN-UNILEVER-170224-1013,2720,48.54,146,219,73,219.0
UNICORN-UNILEVER-130723-1527,144,165.8388,1,1,1,1.0
UNICORN-UNILEVER-211023-1222,144,223.81,3,4,1,4.0
UNICORN-UNILEVER-060324-1304,156,121.46,4,6,2,2.0
UNICORN-UNILEVER-060124-0003,156,118.68,77,115,38,38.0
UNICORN-UNILEVER-060324-1302,156,156.73,120,180,60,60.0
UNICORN-UNILEVER-130723-1437,144,15.8254,3,4,1,0.0
UNICORN-UNILEVER-030224-9115,144,75.85,1058,1587,529,1587.0
UNICORN-UNILEVER-0601-2010,144,58.56,75,112,37,37.0
UNICORN-UNILEVER-060124-8893,156,76.39,56,84,28,28.0
UNICORN-UNILEVER-270224-7111,156,27.15,81,121,40,121.0
UNICORN-UNILEVER-130723-1687,2379,381.5004,4,6,2,2.0
UNICORN-UNILEVER-020324-1005,144,131.28,692,1038,346,685.85649
UNICORN-UNILEVER-130723-1306,144,194.55,1,1,1,1.0
UNICORN-UNILEVER-0601-2021,144,2.52,36,54,18,54.0
UNICORN-UNILEVER-130124-0007,3004,328.52,15,22,7,7.0
UNICORN-UNILEVER-0601-2023,3004,78.99,6056,9084,3028,9084.0
UNICORN-UNILEVER-0601-2046,3004,43.43,513,769,256,256.0
UNICORN-UNILEVER-150124-9333,3004,508.18,2,3,1,1.0
UNICORN-UNILEVER-280124-2562,3004,380.1383,23,34,11,11.0
UNICORN-UNILEVER-120224-0022,3004,456.7641,4,6,2,2.0
UNICORN-UNILEVER-170124-7265,3004,569.7575,14,21,7,7.0
UNICORN-UNILEVER-040324-3351,3004,57.696268,6137,9205,3068,3068.0
UNICORN-UNILEVER-0601-2058,3004,161.9,55,82,27,27.0
UNICORN-UNILEVER-030224-7186,3004,41.85,357,535,178,178.0
UNICORN-UNILEVER-070324-7226,3004,147.84,11,16,5,5.0
UNICORN-UNILEVER-270224-8350,3004,131.28,2294,3441,1147,1147.0
UNICORN-UNILEVER-240224-1021,3004,3.18,2196,3294,1098,3294.0
UNICORN-UNILEVER-170124-0864,3004,4.24,23429,35143,11714,35143.0
UNICORN-UNILEVER-150224-2264,3004,54.06,51,76,25,76.0
UNICORN-UNILEVER-120224-0020,3004,138.15,11,16,5,5.0
UNICORN-UNILEVER-0601-2018,3004,149.55,53,79,26,26.0
UNICORN-UNILEVER-130224-3946,3004,58.56,502,753,251,251.0
UNICORN-UNILEVER-080124-3335,3004,87.31,33,49,16,49.0
UNICORN-UNILEVER-110124-2225,3004,164.52,75,112,37,37.0
UNICORN-UNILEVER-0601-2059,3004,3.29,2640,3960,1320,1320.0
UNICORN-UNILEVER-110124-2223,3004,41.51,5159,7738,2579,2579.0
UNICORN-UNILEVER-190224-7926,3004,42.56,92,138,46,46.0
UNICORN-UNILEVER-060124-8898,3004,118.68,82,123,41,41.0
UNICORN-UNILEVER-280124-1456,3004,3.24,14817,22225,7408,22225.0
UNICORN-UNILEVER-280124-2560,3004,4.06,23444,35166,11722,11722.0
UNICORN-UNILEVER-140224-2749,3004,87.31,65,97,32,97.0
UNICORN-UNILEVER-070324-7224,3004,80.0,110,165,55,165.0
UNICORN-UNILEVER-150124-3330,3004,583.15,4,6,2,2.0
UNICORN-UNILEVER-240224-4622,3004,4.04,8603,12904,4301,4301.0
UNICORN-UNILEVER-140224-9264,3004,141.93,12,18,6,6.0
UNICORN-UNILEVER-100124-1224,3004,59.79,1063,1594,531,531.0
UNICORN-UNILEVER-150124-3331,3004,542.46,7,10,3,3.0
UNICORN-UNILEVER-070324-7228,3004,115.7,134,201,67,201.0
UNICORN-UNILEVER-040224-1022,3004,62.11,146,219,73,73.0
UNICORN-UNILEVER-130124-0015,3004,371.19,152,228,76,76.0
UNICORN-UNILEVER-120224-0021,3004,1.65,100797,151195,50398,151195.0
UNICORN-UNILEVER-080224-1026,3004,8.38,2320,3480,1160,3480.0
UNICORN-UNILEVER-0601-2043,3004,52.08,126,189,63,189.0
UNICORN-UNILEVER-200224-3788,3004,12.42,720,1080,360,1080.0
UNICORN-UNILEVER-300124-5936,3004,219.39,9,13,4,4.0
UNICORN-UNILEVER-140224-9267,3004,99.64,165,247,82,82.0
UNICORN-UNILEVER-060124-8909,3004,16.68,4064,6096,2032,6096.0
UNICORN-UNILEVER-060124-8900,3004,74.74,1,1,1,1.0
UNICORN-UNILEVER-070324-7231,3004,212.77,3,4,1,1.0
UNICORN-UNILEVER-020324-1004,3004,47.68,937,1405,468,468.0
UNICORN-UNILEVER-130124-0017,3004,517.02,49,73,24,24.0
UNICORN-UNILEVER-280124-0020,3004,344.47,11,16,5,5.0
UNICORN-UNILEVER-300124-4725,3004,108.75,44,66,22,66.0
UNICORN-UNILEVER-0601-2044,3004,52.08,360,540,180,540.0
UNICORN-UNILEVER-080124-6401,3004,164.52,23,34,11,11.0
UNICORN-UNILEVER-280124-2561,3004,2.44,1041,1561,520,520.0
UNICORN-UNILEVER-0601-2024,3004,34.54,636,954,318,954.0
UNICORN-UNILEVER-0601-2049,3004,43.43,1150,1725,575,575.0
UNICORN-UNILEVER-150124-9332,3004,530.27,5,7,2,2.0
UNICORN-UNILEVER-220224-3773,3004,141.85,53,79,26,26.0
UNICORN-UNILEVER-060324-8179,3004,8.48,1502,2253,751,2253.0
UNICORN-UNILEVER-0601-2039,3004,39.09,1232,1848,616,616.0
UNICORN-UNILEVER-270224-2313,3004,82.42,83,124,41,124.0
UNICORN-UNILEVER-050224-0002,3004,74.38,226,339,113,339.0
UNICORN-UNILEVER-080124-0015,3004,42.39,76,114,38,114.0
UNICORN-UNILEVER-0601-2034,3004,12.55,3150,4725,1575,4725.0
UNICORN-UNILEVER-080124-3341,3004,96.29,26,39,13,39.0
UNICORN-UNILEVER-060124-8894,3004,66.66,68,102,34,34.0
UNICORN-UNILEVER-050324-6827,3004,0.75,129104,193656,64552,193656.0
UNICORN-UNILEVER-140224-9265,3004,107.63,14,21,7,7.0
UNICORN-UNILEVER-190224-7388,3004,199.36,324,486,162,486.0
UNICORN-UNILEVER-130124-0005,3004,219.39,17,25,8,8.0
UNICORN-UNILEVER-130124-0008,3004,569.76,5,7,2,2.0
UNICORN-UNILEVER-080124-0016,3004,79.99,257,385,128,385.0
UNICORN-UNILEVER-120224-1582,3004,49.45,359,538,179,179.0
UNICORN-UNILEVER-140224-2750,3004,156.73,4,6,2,2.0
UNICORN-UNILEVER-060124-8888,3004,222.27,18,27,9,27.0
UNICORN-UNILEVER-040224-1020,3004,62.11,98,147,49,49.0
UNICORN-UNILEVER-130124-5271,3004,689.36,28,42,14,14.0
UNICORN-UNILEVER-150124-3865,3004,132.83,353,529,176,176.0
UNICORN-UNILEVER-070324-7229,3004,70.94,6,9,3,3.0
UNICORN-UNILEVER-270224-2311,3004,46.43,745,1117,372,1117.0
UNICORN-UNILEVER-070324-7227,3004,8.27,72,108,36,108.0
UNICORN-UNILEVER-080124-0014,3004,26.12,977,1465,488,488.0
UNICORN-UNILEVER-080124-1888,3004,30.39,70,105,35,105.0
UNICORN-UNILEVER-110124-0022,3004,406.54,40,60,20,20.0
UNICORN-UNILEVER-0601-2063,3004,3.24,600,900,300,900.0
UNICORN-UNILEVER-300124-3659,3004,151.58,304,456,152,456.0
UNICORN-UNILEVER-130723-9933,3004,54.06,48,72,24,72.0
UNICORN-UNILEVER-080124-6400,3004,127.9,32,48,16,16.0
UNICORN-UNILEVER-100224-0003,3004,3.24,19775,29662,9887,29662.0
UNICORN-UNILEVER-080124-6391,3004,24.82,4850,7275,2425,7275.0
UNICORN-UNILEVER-280124-2559,3004,142.2,191,286,95,95.0
UNICORN-UNILEVER-180224-2775,3004,172.78,42,63,21,21.0
UNICORN-UNILEVER-0601-2057,3004,161.9,49,73,24,24.0
UNICORN-UNILEVER-14024-1988,3004,91.22,291,436,145,145.0
UNICORN-UNILEVER-070324-7225,3004,64.3,2,3,1,3.0
UNICORN-UNILEVER-060124-0007,3004,59.79,1102,1653,551,551.0
UNICORN-UNILEVER-080124-0012,3004,217.97,7,10,3,3.0
UNICORN-UNILEVER-100224-0005,3004,269.52,55,82,27,27.0
UNICORN-UNILEVER-170124-7267,3004,78.49,2052,3078,1026,1026.0
UNICORN-UNILEVER-0601-2020,3004,149.55,94,141,47,47.0
UNICORN-UNILEVER-0601-2007,3004,12.77,1019,1528,509,509.0
UNICORN-UNILEVER-250124-4427,3004,87.31,22,33,11,33.0
UNICORN-UNILEVER-310723-0008,3004,118.92,34,51,17,17.0
UNICORN-UNILEVER-060124-0012,3004,331.93,14,21,7,7.0
UNICORN-UNILEVER-050324-6828,3004,25.96,8745,13117,4372,13117.0
UNICORN-UNILEVER-080224-1022,3004,52.08,577,865,288,865.0
UNICORN-UNILEVER-130124-5270,3004,406.54,58,87,29,29.0
UNICORN-UNILEVER-200224-3791,3004,331.93,30,45,15,15.0
UNICORN-UNILEVER-170224-1011,3004,32.98,2014,3021,1007,3021.0
UNICORN-UNILEVER-170224-1013,3004,48.54,52,78,26,78.0
UNICORN-UNILEVER-220224-3025,3004,12.42,7147,10720,3573,10720.0
UNICORN-UNILEVER-110124-2222,3004,2.52,16956,25434,8478,25434.0
UNICORN-UNILEVER-0601-2009,3004,117.12,123,184,61,61.0
UNICORN-UNILEVER-040224-1021,3004,62.11,53,79,26,26.0
UNICORN-UNILEVER-180124-3882,3004,76.16,273,409,136,136.0
UNICORN-UNILEVER-170124-4086,3004,161.9,6,9,3,3.0
UNICORN-UNILEVER-010124-7250,3004,124.52,850,1275,425,425.0
UNICORN-UNILEVER-070324-7230,3004,61.94,71,106,35,35.0
UNICORN-UNILEVER-0601-2053,3004,138.15,32,48,16,16.0
UNICORN-UNILEVER-100224-0002,3004,41.37,1080,1620,540,540.0
UNICORN-UNILEVER-0601-2013,3004,114.58,528,792,264,792.0
UNICORN-UNILEVER-0601-2038,3004,39.09,1187,1780,593,593.0
UNICORN-UNILEVER-060224-4725,3004,16.39,240,360,120,120.0
UNICORN-UNILEVER-230124-0647,3004,331.92,45,67,22,22.0
UNICORN-UNILEVER-111223-8257,3004,0.79,30240,45360,15120,15120.0
UNICORN-UNILEVER-080124-6394,3004,107.63,12,18,6,6.0
UNICORN-UNILEVER-070324-7223,3004,148.14,133,199,66,199.0
UNICORN-UNILEVER-270124-3770,3004,149.55,27,40,13,13.0
UNICORN-UNILEVER-0601-2011,3004,21.67,21,31,10,31.0
UNICORN-UNILEVER-0601-2042,3004,8.44,288,432,144,432.0
UNICORN-UNILEVER-0601-2054,3004,118.49,170,255,85,85.0
UNICORN-UNILEVER-280124-2563,3004,380.14,39,58,19,19.0
UNICORN-UNILEVER-130124-0009,3004,73.06,2,3,1,0.0
UNICORN-UNILEVER-100224-0004,3004,151.31,294,441,147,147.0
UNICORN-UNILEVER-100224-2640,3004,212.77,144,216,72,72.0
UNICORN-UNILEVER-200224-3789,3004,52.09,17,25,8,8.0
UNICORN-UNILEVER-211023-1226,3004,677.32,1,1,1,1.0
UNICORN-UNILEVER-140224-9266,3004,47.68,1171,1756,585,585.0
UNICORN-UNILEVER-120224-6265,3004,82.12,81,121,40,121.0
UNICORN-UNILEVER-270224-7110,3004,7.76,696,1044,348,1044.0
UNICORN-UNILEVER-190224-7389,3004,124.23,120,180,60,180.0
UNICORN-UNILEVER-270124-3769,3004,196.23,13,19,6,6.0
UNICORN-UNILEVER-0601-2026,3004,106.39,2,3,1,1.0
UNICORN-UNILEVER-170224-1014,3004,48.54,180,270,90,270.0
UNICORN-UNILEVER-130124-0018,3004,273.98,2,3,1,1.0
UNICORN-UNILEVER-060124-0002,3004,73.05,51,76,25,76.0
UNICORN-UNILEVER-170124-4088,3004,402.68,2,3,1,1.0
UNICORN-UNILEVER-190224-7927,3004,130.91,17,25,8,8.0
UNICORN-UNILEVER-080124-6398,3004,72.74,171,256,85,85.0
UNICORN-UNILEVER-170224-1009,3004,2.31,2377,3565,1188,3565.0
UNICORN-UNILEVER-080224-1021,3004,8.44,36,54,18,54.0
UNICORN-UNILEVER-110124-0021,3004,198.85,108,162,54,54.0
UNICORN-UNILEVER-0601-2016,3004,2.44,3168,4752,1584,1584.0
UNICORN-UNILEVER-060124-0011,3004,267.72,12,18,6,18.0
UNICORN-UNILEVER-0601-2047,3004,43.43,1455,2182,727,727.0
UNICORN-UNILEVER-130124-0016,3004,366.77,5,7,2,2.0
UNICORN-UNILEVER-200224-3791,2671,331.93,11,16,5,5.0
UNICORN-UNILEVER-030224-7186,2671,41.85,627,940,313,313.0
UNICORN-UNILEVER-070324-2950,2671,58.99,208,312,104,104.0
UNICORN-UNILEVE-270124-5937,2671,62.1,9,13,4,4.0
UNICORN-UNILEVER-091223-9302,2671,75.36,54,81,27,81.0
UNICORN-UNILEVER-200124-3076,2671,583.15,1,1,1,1.0
UNICORN-UNILEVER-130723-1529,2671,223.06,1,1,1,1.0
UNICORN-UNILEVER-310723-0008,2671,118.92,1,1,1,1.0
UNICORN-UNILEVER-020324-1004,2671,47.68,50,75,25,25.0
UNICORN-UNILEVER-070324-2951,2671,38.56,83,124,41,41.0
UNICORN-UNILEVER-070324-7226,2671,147.84,3,4,1,1.0
UNICORN-UNILEVER-120923-3359,2671,86.99,3,4,1,1.0
UNICORN-UNILEVER-130723-1388,2671,51.76,6,9,3,9.0
UNICORN-UNILEVER-130124-0009,144,73.05,20,30,10,30.0
UNICORN-UNILEVER-181123-1091,156,27037.43,1,1,1,1.0
UNICORN-UNILEVER-010124-7250,2379,124.52,353,529,176,176.0
UNICORN-UNILEVER-130723-1810,2379,91.5396,25,37,12,12.0
UNICORN-UNILEVER-130723-1799,2379,124.9525,13,19,6,6.0
UNICORN-UNILEVER-130723-1749,2379,312.62,3,4,1,4.0
UNICORN-UNILEVER-090324-7133,144,152.22,123,184,61,184.0
UNICORN-UNILEVER-090324-6227,2720,3.97,3852,5778,1926,5778.0
UNICORN-UNILEVER-091023-1222,2720,458.37,2,3,1,1.0
UNICORN-UNILEVER-120224-0020,144,138.15,11,16,5,5.0
UNICORN-UNILEVER-200224-3791,144,331.93,7,10,3,3.0
UNICORN-UNILEVER-130723-1816,144,62.3183,1,1,1,0.0
UNICORN-UNILEVER-090324-7133,2671,152.216333,120,180,60,180.0
UNICORN-UNILEVER-030224-9115,2720,75.846833,2994,4491,1497,4491.0
UNICORN-UNILEVER-120224-1579,2720,98.105,6,9,3,3.0
UNICORN-UNILEVER-080224-1021,2720,8.4433,57,85,28,28.0
UNICORN-UNILEVER-130723-1700,2720,381.5004,2,3,1,1.0
UNICORN-UNILEVER-070324-2950,144,58.9875,37,55,18,18.0
UNICORN-UNILEVE-270124-5937,144,62.1,17,25,8,8.0
UNICORN-UNILEVER-060124-8893,2379,76.388519,17,25,8,8.0
UNICORN-UNILEVER-020324-1004,2379,47.677222,81,121,40,40.0
UNICORN-UNILEVER-030224-9115,2379,75.846833,13,19,6,19.0
UNICORN-UNILEVER-250723-1128,2379,121.89,1,1,1,1.0
0,"give-budget:105093308, total-budget-used:1894030047.3602204, budget-overspend: 1788936739.3602204, total-profit-got:105526078.13104887,",,,,,
